line_number,mean_time,min_time,max_time,std_time,time_0
1,3.383900673400673e-05,3.383900673400673e-05,3.383900673400673e-05,0.0,3.383900673400673e-05
2,4.352684507897935e-05,4.352684507897935e-05,4.352684507897935e-05,0.0,4.352684507897935e-05
3,4.111239639381798e-05,4.111239639381798e-05,4.111239639381798e-05,0.0,4.111239639381798e-05
4,6.007212240094155e-05,6.007212240094155e-05,6.007212240094155e-05,0.0,6.007212240094155e-05
5,8.645823141891892e-05,8.645823141891892e-05,8.645823141891892e-05,0.0,8.645823141891892e-05
6,4.439717243510507e-05,4.439717243510507e-05,4.439717243510507e-05,0.0,4.439717243510507e-05
7,1.6752035005686844e-05,1.6752035005686844e-05,1.6752035005686844e-05,0.0,1.6752035005686844e-05
8,10000000000.0,10000000000,10000000000,0.0,10000000000
9,4.906431987469544e-05,4.906431987469544e-05,4.906431987469544e-05,0.0,4.906431987469544e-05
10,4.18708687357631e-05,4.18708687357631e-05,4.18708687357631e-05,0.0,4.18708687357631e-05
11,3.744146426577331e-05,3.744146426577331e-05,3.744146426577331e-05,0.0,3.744146426577331e-05
12,5.7363094852047027e-05,5.7363094852047027e-05,5.7363094852047027e-05,0.0,5.7363094852047027e-05
13,3.702750846574629e-05,3.702750846574629e-05,3.702750846574629e-05,0.0,3.702750846574629e-05
14,2.029883766135156e-05,2.029883766135156e-05,2.029883766135156e-05,0.0,2.029883766135156e-05
15,4.073519165247019e-05,4.073519165247019e-05,4.073519165247019e-05,0.0,4.073519165247019e-05
16,4.9676536061724256e-05,4.9676536061724256e-05,4.9676536061724256e-05,0.0,4.9676536061724256e-05
17,9.704279810126582e-05,9.704279810126582e-05,9.704279810126582e-05,0.0,9.704279810126582e-05
18,3.679732556371928e-05,3.679732556371928e-05,3.679732556371928e-05,0.0,3.679732556371928e-05
19,10000000000.0,10000000000,10000000000,0.0,10000000000
20,4.879427434210527e-05,4.879427434210527e-05,4.879427434210527e-05,0.0,4.879427434210527e-05
21,3.966795721498804e-05,3.966795721498804e-05,3.966795721498804e-05,0.0,3.966795721498804e-05
22,0.00015615289087301588,0.00015615289087301588,0.00015615289087301588,0.0,0.00015615289087301588
23,5.0507415584415584e-05,5.0507415584415584e-05,5.0507415584415584e-05,0.0,5.0507415584415584e-05
24,10000000000.0,10000000000,10000000000,0.0,10000000000
25,6.570371278917503e-05,6.570371278917503e-05,6.570371278917503e-05,0.0,6.570371278917503e-05
26,10000000000.0,10000000000,10000000000,0.0,10000000000
27,5.2050501802451335e-05,5.2050501802451335e-05,5.2050501802451335e-05,0.0,5.2050501802451335e-05
28,2.1637162337662335e-05,2.1637162337662335e-05,2.1637162337662335e-05,0.0,2.1637162337662335e-05
29,8.458382721626199e-05,8.458382721626199e-05,8.458382721626199e-05,0.0,8.458382721626199e-05
30,10000000000.0,10000000000,10000000000,0.0,10000000000
31,10000000000.0,10000000000,10000000000,0.0,10000000000
32,8.183186767079075e-05,8.183186767079075e-05,8.183186767079075e-05,0.0,8.183186767079075e-05
33,0.00039238225916870417,0.00039238225916870417,0.00039238225916870417,0.0,0.00039238225916870417
34,1.6368708554796257e-05,1.6368708554796257e-05,1.6368708554796257e-05,0.0,1.6368708554796257e-05
35,0.00018160710416666666,0.00018160710416666666,0.00018160710416666666,0.0,0.00018160710416666666
36,1.4475808656036445e-05,1.4475808656036445e-05,1.4475808656036445e-05,0.0,1.4475808656036445e-05
37,8.999121266705404e-05,8.999121266705404e-05,8.999121266705404e-05,0.0,8.999121266705404e-05
38,1.3991659172878096e-05,1.3991659172878096e-05,1.3991659172878096e-05,0.0,1.3991659172878096e-05
39,3.010098016287325e-05,3.010098016287325e-05,3.010098016287325e-05,0.0,3.010098016287325e-05
40,1.6361909035687166e-05,1.6361909035687166e-05,1.6361909035687166e-05,0.0,1.6361909035687166e-05
41,2.9224933389016495e-05,2.9224933389016495e-05,2.9224933389016495e-05,0.0,2.9224933389016495e-05
42,4.345341861170051e-05,4.345341861170051e-05,4.345341861170051e-05,0.0,4.345341861170051e-05
43,5.141960935838355e-05,5.141960935838355e-05,5.141960935838355e-05,0.0,5.141960935838355e-05
44,4.360114710534641e-05,4.360114710534641e-05,4.360114710534641e-05,0.0,4.360114710534641e-05
45,4.733877664473685e-05,4.733877664473685e-05,4.733877664473685e-05,0.0,4.733877664473685e-05
46,4.162396461187215e-05,4.162396461187215e-05,4.162396461187215e-05,0.0,4.162396461187215e-05
47,5.1315223670668954e-05,5.1315223670668954e-05,5.1315223670668954e-05,0.0,5.1315223670668954e-05
48,3.179338937017092e-05,3.179338937017092e-05,3.179338937017092e-05,0.0,3.179338937017092e-05
49,2.3080782153627818e-05,2.3080782153627818e-05,2.3080782153627818e-05,0.0,2.3080782153627818e-05
50,3.0311140146614923e-05,3.0311140146614923e-05,3.0311140146614923e-05,0.0,3.0311140146614923e-05
51,2.1845915926179084e-05,2.1845915926179084e-05,2.1845915926179084e-05,0.0,2.1845915926179084e-05
52,10000000000.0,10000000000,10000000000,0.0,10000000000
53,4.245763379872019e-05,4.245763379872019e-05,4.245763379872019e-05,0.0,4.245763379872019e-05
54,3.139322460721399e-05,3.139322460721399e-05,3.139322460721399e-05,0.0,3.139322460721399e-05
55,2.9492789485071398e-05,2.9492789485071398e-05,2.9492789485071398e-05,0.0,2.9492789485071398e-05
56,0.00012422526758286176,0.00012422526758286176,0.00012422526758286176,0.0,0.00012422526758286176
57,1.532230981005049e-05,1.532230981005049e-05,1.532230981005049e-05,0.0,1.532230981005049e-05
58,10000000000.0,10000000000,10000000000,0.0,10000000000
59,3.980989046538025e-05,3.980989046538025e-05,3.980989046538025e-05,0.0,3.980989046538025e-05
60,6.518181620903455e-05,6.518181620903455e-05,6.518181620903455e-05,0.0,6.518181620903455e-05
61,4.414914650872818e-05,4.414914650872818e-05,4.414914650872818e-05,0.0,4.414914650872818e-05
62,3.542529398028024e-05,3.542529398028024e-05,3.542529398028024e-05,0.0,3.542529398028024e-05
63,0.00014492075785582255,0.00014492075785582255,0.00014492075785582255,0.0,0.00014492075785582255
64,5.1788313142437585e-05,5.1788313142437585e-05,5.1788313142437585e-05,0.0,5.1788313142437585e-05
65,10000000000.0,10000000000,10000000000,0.0,10000000000
66,0.00025716431158238174,0.00025716431158238174,0.00025716431158238174,0.0,0.00025716431158238174
67,6.302384397463002e-05,6.302384397463002e-05,6.302384397463002e-05,0.0,6.302384397463002e-05
68,6.733325876010781e-05,6.733325876010781e-05,6.733325876010781e-05,0.0,6.733325876010781e-05
69,0.0003488612582056893,0.0003488612582056893,0.0003488612582056893,0.0,0.0003488612582056893
70,4.250474715261959e-05,4.250474715261959e-05,4.250474715261959e-05,0.0,4.250474715261959e-05
71,10000000000.0,10000000000,10000000000,0.0,10000000000
72,5.553962532783815e-05,5.553962532783815e-05,5.553962532783815e-05,0.0,5.553962532783815e-05
73,0.0001244447367588933,0.0001244447367588933,0.0001244447367588933,0.0,0.0001244447367588933
74,3.6326210073399144e-05,3.6326210073399144e-05,3.6326210073399144e-05,0.0,3.6326210073399144e-05
75,2.034473100713719e-05,2.034473100713719e-05,2.034473100713719e-05,0.0,2.034473100713719e-05
76,3.7735642391020624e-05,3.7735642391020624e-05,3.7735642391020624e-05,0.0,3.7735642391020624e-05
77,1.1557182646667933e-05,1.1557182646667933e-05,1.1557182646667933e-05,0.0,1.1557182646667933e-05
78,7.78622031729785e-05,7.78622031729785e-05,7.78622031729785e-05,0.0,7.78622031729785e-05
79,3.175510476190476e-05,3.175510476190476e-05,3.175510476190476e-05,0.0,3.175510476190476e-05
80,10000000000.0,10000000000,10000000000,0.0,10000000000
81,6.566230139889785e-05,6.566230139889785e-05,6.566230139889785e-05,0.0,6.566230139889785e-05
82,6.31598817204301e-05,6.31598817204301e-05,6.31598817204301e-05,0.0,6.31598817204301e-05
83,6.372881662489558e-05,6.372881662489558e-05,6.372881662489558e-05,0.0,6.372881662489558e-05
84,9.298193685488768e-05,9.298193685488768e-05,9.298193685488768e-05,0.0,9.298193685488768e-05
85,1.9228099593189696e-05,1.9228099593189696e-05,1.9228099593189696e-05,0.0,1.9228099593189696e-05
86,7.378169071669072e-05,7.378169071669072e-05,7.378169071669072e-05,0.0,7.378169071669072e-05
87,4.133950862581796e-05,4.133950862581796e-05,4.133950862581796e-05,0.0,4.133950862581796e-05
88,2.3773542283645933e-05,2.3773542283645933e-05,2.3773542283645933e-05,0.0,2.3773542283645933e-05
89,4.827541962556488e-05,4.827541962556488e-05,4.827541962556488e-05,0.0,4.827541962556488e-05
90,5.3924650146842884e-05,5.3924650146842884e-05,5.3924650146842884e-05,0.0,5.3924650146842884e-05
91,2.5971464530431275e-05,2.5971464530431275e-05,2.5971464530431275e-05,0.0,2.5971464530431275e-05
92,5.364474725274725e-05,5.364474725274725e-05,5.364474725274725e-05,0.0,5.364474725274725e-05
93,0.000372274238317757,0.000372274238317757,0.000372274238317757,0.0,0.000372274238317757
94,5.759508809257186e-05,5.759508809257186e-05,5.759508809257186e-05,0.0,5.759508809257186e-05
95,8.635497754749568e-05,8.635497754749568e-05,8.635497754749568e-05,0.0,8.635497754749568e-05
96,5.7540684070121954e-05,5.7540684070121954e-05,5.7540684070121954e-05,0.0,5.7540684070121954e-05
97,4.399954206695779e-05,4.399954206695779e-05,4.399954206695779e-05,0.0,4.399954206695779e-05
98,0.00016140984536082474,0.00016140984536082474,0.00016140984536082474,0.0,0.00016140984536082474
99,1.7399095790200137e-05,1.7399095790200137e-05,1.7399095790200137e-05,0.0,1.7399095790200137e-05
100,5.101269549805033e-05,5.101269549805033e-05,5.101269549805033e-05,0.0,5.101269549805033e-05
101,0.00024028368229954614,0.00024028368229954614,0.00024028368229954614,0.0,0.00024028368229954614
102,1.3455643356643356e-05,1.3455643356643356e-05,1.3455643356643356e-05,0.0,1.3455643356643356e-05
103,5.008437286397813e-05,5.008437286397813e-05,5.008437286397813e-05,0.0,5.008437286397813e-05
104,10000000000.0,10000000000,10000000000,0.0,10000000000
105,3.559471428571429e-05,3.559471428571429e-05,3.559471428571429e-05,0.0,3.559471428571429e-05
106,2.3778140132811166e-05,2.3778140132811166e-05,2.3778140132811166e-05,0.0,2.3778140132811166e-05
107,0.00015695638561438562,0.00015695638561438562,0.00015695638561438562,0.0,0.00015695638561438562
108,3.1916460241512874e-05,3.1916460241512874e-05,3.1916460241512874e-05,0.0,3.1916460241512874e-05
109,10000000000.0,10000000000,10000000000,0.0,10000000000
110,2.2842220275557068e-05,2.2842220275557068e-05,2.2842220275557068e-05,0.0,2.2842220275557068e-05
111,3.1871041959628026e-05,3.1871041959628026e-05,3.1871041959628026e-05,0.0,3.1871041959628026e-05
112,1.3451261574990108e-05,1.3451261574990108e-05,1.3451261574990108e-05,0.0,1.3451261574990108e-05
113,3.563477521389681e-05,3.563477521389681e-05,3.563477521389681e-05,0.0,3.563477521389681e-05
114,5.413865261958998e-05,5.413865261958998e-05,5.413865261958998e-05,0.0,5.413865261958998e-05
115,4.640250016474465e-05,4.640250016474465e-05,4.640250016474465e-05,0.0,4.640250016474465e-05
116,3.085741900205058e-05,3.085741900205058e-05,3.085741900205058e-05,0.0,3.085741900205058e-05
117,2.1440481203007516e-05,2.1440481203007516e-05,2.1440481203007516e-05,0.0,2.1440481203007516e-05
118,4.830696645420999e-05,4.830696645420999e-05,4.830696645420999e-05,0.0,4.830696645420999e-05
119,4.676522336991607e-05,4.676522336991607e-05,4.676522336991607e-05,0.0,4.676522336991607e-05
120,3.1162243192925295e-05,3.1162243192925295e-05,3.1162243192925295e-05,0.0,3.1162243192925295e-05
121,4.403571858837846e-05,4.403571858837846e-05,4.403571858837846e-05,0.0,4.403571858837846e-05
122,4.0220022125181954e-05,4.0220022125181954e-05,4.0220022125181954e-05,0.0,4.0220022125181954e-05
123,10000000000.0,10000000000,10000000000,0.0,10000000000
124,0.00010176774717232202,0.00010176774717232202,0.00010176774717232202,0.0,0.00010176774717232202
125,3.2045438596491234e-05,3.2045438596491234e-05,3.2045438596491234e-05,0.0,3.2045438596491234e-05
126,1.5301826931870142e-05,1.5301826931870142e-05,1.5301826931870142e-05,0.0,1.5301826931870142e-05
127,3.0972919672919675e-05,3.0972919672919675e-05,3.0972919672919675e-05,0.0,3.0972919672919675e-05
128,1.319406371723972e-05,1.319406371723972e-05,1.319406371723972e-05,0.0,1.319406371723972e-05
129,1.0963207371405427e-05,1.0963207371405427e-05,1.0963207371405427e-05,0.0,1.0963207371405427e-05
130,3.626097315971299e-05,3.626097315971299e-05,3.626097315971299e-05,0.0,3.626097315971299e-05
131,3.630152620653866e-05,3.630152620653866e-05,3.630152620653866e-05,0.0,3.630152620653866e-05
132,1.132388057717866e-05,1.132388057717866e-05,1.132388057717866e-05,0.0,1.132388057717866e-05
133,1.6395388535031847e-05,1.6395388535031847e-05,1.6395388535031847e-05,0.0,1.6395388535031847e-05
134,1.0099046990696791e-05,1.0099046990696791e-05,1.0099046990696791e-05,0.0,1.0099046990696791e-05
135,1.70384038538206e-05,1.70384038538206e-05,1.70384038538206e-05,0.0,1.70384038538206e-05
136,1.6586188828172435e-05,1.6586188828172435e-05,1.6586188828172435e-05,0.0,1.6586188828172435e-05
137,10000000000.0,10000000000,10000000000,0.0,10000000000
138,1.1602740785743216e-05,1.1602740785743216e-05,1.1602740785743216e-05,0.0,1.1602740785743216e-05
139,1.3073947481650216e-05,1.3073947481650216e-05,1.3073947481650216e-05,0.0,1.3073947481650216e-05
140,1.9449681379528554e-05,1.9449681379528554e-05,1.9449681379528554e-05,0.0,1.9449681379528554e-05
141,3.059882250430293e-05,3.059882250430293e-05,3.059882250430293e-05,0.0,3.059882250430293e-05
142,2.990490366972477e-05,2.990490366972477e-05,2.990490366972477e-05,0.0,2.990490366972477e-05
143,1.2900020731290579e-05,1.2900020731290579e-05,1.2900020731290579e-05,0.0,1.2900020731290579e-05
144,1.3193791393222162e-05,1.3193791393222162e-05,1.3193791393222162e-05,0.0,1.3193791393222162e-05
145,1.218970595382746e-05,1.218970595382746e-05,1.218970595382746e-05,0.0,1.218970595382746e-05
146,1.6289400278410528e-05,1.6289400278410528e-05,1.6289400278410528e-05,0.0,1.6289400278410528e-05
147,1.1493690166414523e-05,1.1493690166414523e-05,1.1493690166414523e-05,0.0,1.1493690166414523e-05
148,10000000000.0,10000000000,10000000000,0.0,10000000000
149,1.9271644043663976e-05,1.9271644043663976e-05,1.9271644043663976e-05,0.0,1.9271644043663976e-05
150,3.3319651812688815e-05,3.3319651812688815e-05,3.3319651812688815e-05,0.0,3.3319651812688815e-05
151,1.341301959220868e-05,1.341301959220868e-05,1.341301959220868e-05,0.0,1.341301959220868e-05
152,1.1586424004034293e-05,1.1586424004034293e-05,1.1586424004034293e-05,0.0,1.1586424004034293e-05
153,1.3411938927626833e-05,1.3411938927626833e-05,1.3411938927626833e-05,0.0,1.3411938927626833e-05
154,1.361328908015062e-05,1.361328908015062e-05,1.361328908015062e-05,0.0,1.361328908015062e-05
155,1.1586151034744636e-05,1.1586151034744636e-05,1.1586151034744636e-05,0.0,1.1586151034744636e-05
156,1.3414675309306079e-05,1.3414675309306079e-05,1.3414675309306079e-05,0.0,1.3414675309306079e-05
157,1.0524147071852573e-05,1.0524147071852573e-05,1.0524147071852573e-05,0.0,1.0524147071852573e-05
158,1.545530438652257e-05,1.545530438652257e-05,1.545530438652257e-05,0.0,1.545530438652257e-05
159,1.9261618830675777e-05,1.9261618830675777e-05,1.9261618830675777e-05,0.0,1.9261618830675777e-05
160,1.2895937920036451e-05,1.2895937920036451e-05,1.2895937920036451e-05,0.0,1.2895937920036451e-05
161,1.098684114467972e-05,1.098684114467972e-05,1.098684114467972e-05,0.0,1.098684114467972e-05
162,2.2252052118933697e-05,2.2252052118933697e-05,2.2252052118933697e-05,0.0,2.2252052118933697e-05
163,1.7857973814898418e-05,1.7857973814898418e-05,1.7857973814898418e-05,0.0,1.7857973814898418e-05
164,1.5887113478139793e-05,1.5887113478139793e-05,1.5887113478139793e-05,0.0,1.5887113478139793e-05
165,3.8470614669146964e-05,3.8470614669146964e-05,3.8470614669146964e-05,0.0,3.8470614669146964e-05
166,2.2971027315914488e-05,2.2971027315914488e-05,2.2971027315914488e-05,0.0,2.2971027315914488e-05
167,1.019603419767005e-05,1.019603419767005e-05,1.019603419767005e-05,0.0,1.019603419767005e-05
168,1.2055532179063674e-05,1.2055532179063674e-05,1.2055532179063674e-05,0.0,1.2055532179063674e-05
169,1.1219739165654112e-05,1.1219739165654112e-05,1.1219739165654112e-05,0.0,1.1219739165654112e-05
170,1.1394460888551358e-05,1.1394460888551358e-05,1.1394460888551358e-05,0.0,1.1394460888551358e-05
171,1.3528069387288524e-05,1.3528069387288524e-05,1.3528069387288524e-05,0.0,1.3528069387288524e-05
172,1.6019312705644138e-05,1.6019312705644138e-05,1.6019312705644138e-05,0.0,1.6019312705644138e-05
173,1.985235157337789e-05,1.985235157337789e-05,1.985235157337789e-05,0.0,1.985235157337789e-05
174,3.8515551167964404e-05,3.8515551167964404e-05,3.8515551167964404e-05,0.0,3.8515551167964404e-05
175,1.4069925665827481e-05,1.4069925665827481e-05,1.4069925665827481e-05,0.0,1.4069925665827481e-05
176,1.806686090225564e-05,1.806686090225564e-05,1.806686090225564e-05,0.0,1.806686090225564e-05
177,1.6601644521019985e-05,1.6601644521019985e-05,1.6601644521019985e-05,0.0,1.6601644521019985e-05
178,3.0723726176938816e-05,3.0723726176938816e-05,3.0723726176938816e-05,0.0,3.0723726176938816e-05
179,1.265787196719444e-05,1.265787196719444e-05,1.265787196719444e-05,0.0,1.265787196719444e-05
180,1.2638975395830962e-05,1.2638975395830962e-05,1.2638975395830962e-05,0.0,1.2638975395830962e-05
181,1.2573582251542881e-05,1.2573582251542881e-05,1.2573582251542881e-05,0.0,1.2573582251542881e-05
182,1.944480425208808e-05,1.944480425208808e-05,1.944480425208808e-05,0.0,1.944480425208808e-05
183,1.4627234812529664e-05,1.4627234812529664e-05,1.4627234812529664e-05,0.0,1.4627234812529664e-05
184,1.2179130113406236e-05,1.2179130113406236e-05,1.2179130113406236e-05,0.0,1.2179130113406236e-05
185,10000000000.0,10000000000,10000000000,0.0,10000000000
186,1.4049015707369554e-05,1.4049015707369554e-05,1.4049015707369554e-05,0.0,1.4049015707369554e-05
187,1.2275660996354799e-05,1.2275660996354799e-05,1.2275660996354799e-05,0.0,1.2275660996354799e-05
188,10000000000.0,10000000000,10000000000,0.0,10000000000
189,10000000000.0,10000000000,10000000000,0.0,10000000000
190,10000000000.0,10000000000,10000000000,0.0,10000000000
191,7.345595493358634e-05,7.345595493358634e-05,7.345595493358634e-05,0.0,7.345595493358634e-05
192,1.2383932187973724e-05,1.2383932187973724e-05,1.2383932187973724e-05,0.0,1.2383932187973724e-05
193,1.1160161842945307e-05,1.1160161842945307e-05,1.1160161842945307e-05,0.0,1.1160161842945307e-05
194,1.0078824573182428e-05,1.0078824573182428e-05,1.0078824573182428e-05,0.0,1.0078824573182428e-05
195,1.051673714054273e-05,1.051673714054273e-05,1.051673714054273e-05,0.0,1.051673714054273e-05
196,1.0516001721344674e-05,1.0516001721344674e-05,1.0516001721344674e-05,0.0,1.0516001721344674e-05
197,1.0566775651492391e-05,1.0566775651492391e-05,1.0566775651492391e-05,0.0,1.0566775651492391e-05
198,1.6603261705897242e-05,1.6603261705897242e-05,1.6603261705897242e-05,0.0,1.6603261705897242e-05
199,1.595700898506707e-05,1.595700898506707e-05,1.595700898506707e-05,0.0,1.595700898506707e-05
200,10000000000.0,10000000000,10000000000,0.0,10000000000
201,4.173671509648127e-05,4.173671509648127e-05,4.173671509648127e-05,0.0,4.173671509648127e-05
202,1.2079794395717052e-05,1.2079794395717052e-05,1.2079794395717052e-05,0.0,1.2079794395717052e-05
203,1.095519595755432e-05,1.095519595755432e-05,1.095519595755432e-05,0.0,1.095519595755432e-05
204,2.6551689066059227e-05,2.6551689066059227e-05,2.6551689066059227e-05,0.0,2.6551689066059227e-05
205,1.1215769033605469e-05,1.1215769033605469e-05,1.1215769033605469e-05,0.0,1.1215769033605469e-05
206,1.0753845690120568e-05,1.0753845690120568e-05,1.0753845690120568e-05,0.0,1.0753845690120568e-05
207,1.0753348015390847e-05,1.0753348015390847e-05,1.0753348015390847e-05,0.0,1.0753348015390847e-05
208,1.1478717974480056e-05,1.1478717974480056e-05,1.1478717974480056e-05,0.0,1.1478717974480056e-05
209,1.1493041616038882e-05,1.1493041616038882e-05,1.1493041616038882e-05,0.0,1.1493041616038882e-05
210,1.6310135729742727e-05,1.6310135729742727e-05,1.6310135729742727e-05,0.0,1.6310135729742727e-05
211,1.3179268093291657e-05,1.3179268093291657e-05,1.3179268093291657e-05,0.0,1.3179268093291657e-05
212,1.0385906013085471e-05,1.0385906013085471e-05,1.0385906013085471e-05,0.0,1.0385906013085471e-05
213,1.5112245127815743e-05,1.5112245127815743e-05,1.5112245127815743e-05,0.0,1.5112245127815743e-05
214,2.2908893673577884e-05,2.2908893673577884e-05,2.2908893673577884e-05,0.0,2.2908893673577884e-05
215,1.0135213608576238e-05,1.0135213608576238e-05,1.0135213608576238e-05,0.0,1.0135213608576238e-05
216,1.403820754239433e-05,1.403820754239433e-05,1.403820754239433e-05,0.0,1.403820754239433e-05
217,1.9498182532751093e-05,1.9498182532751093e-05,1.9498182532751093e-05,0.0,1.9498182532751093e-05
218,1.123403575228772e-05,1.123403575228772e-05,1.123403575228772e-05,0.0,1.123403575228772e-05
219,1.178819445350734e-05,1.178819445350734e-05,1.178819445350734e-05,0.0,1.178819445350734e-05
220,1.3640847660032274e-05,1.3640847660032274e-05,1.3640847660032274e-05,0.0,1.3640847660032274e-05
221,1.4281094614089925e-05,1.4281094614089925e-05,1.4281094614089925e-05,0.0,1.4281094614089925e-05
222,1.4315282333586434e-05,1.4315282333586434e-05,1.4315282333586434e-05,0.0,1.4315282333586434e-05
223,1.0035064765132259e-05,1.0035064765132259e-05,1.0035064765132259e-05,0.0,1.0035064765132259e-05
224,1.0128046513688314e-05,1.0128046513688314e-05,1.0128046513688314e-05,0.0,1.0128046513688314e-05
225,1.273572324802937e-05,1.273572324802937e-05,1.273572324802937e-05,0.0,1.273572324802937e-05
226,1.3001464661806399e-05,1.3001464661806399e-05,1.3001464661806399e-05,0.0,1.3001464661806399e-05
227,1.716518796992481e-05,1.716518796992481e-05,1.716518796992481e-05,0.0,1.716518796992481e-05
228,1.7249904332847485e-05,1.7249904332847485e-05,1.7249904332847485e-05,0.0,1.7249904332847485e-05
229,1.1766150162008911e-05,1.1766150162008911e-05,1.1766150162008911e-05,0.0,1.1766150162008911e-05
230,2.4902738113207548e-05,2.4902738113207548e-05,2.4902738113207548e-05,0.0,2.4902738113207548e-05
231,1.2236331468531469e-05,1.2236331468531469e-05,1.2236331468531469e-05,0.0,1.2236331468531469e-05
232,10000000000.0,10000000000,10000000000,0.0,10000000000
233,1.1723564994115759e-05,1.1723564994115759e-05,1.1723564994115759e-05,0.0,1.1723564994115759e-05
234,1.1093509421580576e-05,1.1093509421580576e-05,1.1093509421580576e-05,0.0,1.1093509421580576e-05
235,1.980397579496915e-05,1.980397579496915e-05,1.980397579496915e-05,0.0,1.980397579496915e-05
236,2.1224286886539375e-05,2.1224286886539375e-05,2.1224286886539375e-05,0.0,2.1224286886539375e-05
237,1.1793581565680586e-05,1.1793581565680586e-05,1.1793581565680586e-05,0.0,1.1793581565680586e-05
238,1.168551554599247e-05,1.168551554599247e-05,1.168551554599247e-05,0.0,1.168551554599247e-05
239,8.987920173651104e-06,8.987920173651104e-06,8.987920173651104e-06,0.0,8.987920173651104e-06
240,1.4209591611201808e-05,1.4209591611201808e-05,1.4209591611201808e-05,0.0,1.4209591611201808e-05
241,2.155721701217506e-05,2.155721701217506e-05,2.155721701217506e-05,0.0,2.155721701217506e-05
242,1.1766698552807144e-05,1.1766698552807144e-05,1.1766698552807144e-05,0.0,1.1766698552807144e-05
243,4.302228587699317e-05,4.302228587699317e-05,4.302228587699317e-05,0.0,4.302228587699317e-05
244,9.933654251092568e-06,9.933654251092568e-06,9.933654251092568e-06,0.0,9.933654251092568e-06
245,1.0543778336814126e-05,1.0543778336814126e-05,1.0543778336814126e-05,0.0,1.0543778336814126e-05
246,1.0543545246075144e-05,1.0543545246075144e-05,1.0543545246075144e-05,0.0,1.0543545246075144e-05
247,1.0541233166025683e-05,1.0541233166025683e-05,1.0541233166025683e-05,0.0,1.0541233166025683e-05
248,1.1753997848305541e-05,1.1753997848305541e-05,1.1753997848305541e-05,0.0,1.1753997848305541e-05
249,1.3627221240968002e-05,1.3627221240968002e-05,1.3627221240968002e-05,0.0,1.3627221240968002e-05
250,1.0971787768327259e-05,1.0971787768327259e-05,1.0971787768327259e-05,0.0,1.0971787768327259e-05
251,3.413784109457513e-05,3.413784109457513e-05,3.413784109457513e-05,0.0,3.413784109457513e-05
252,1.232263092345079e-05,1.232263092345079e-05,1.232263092345079e-05,0.0,1.232263092345079e-05
253,1.1807860432164365e-05,1.1807860432164365e-05,1.1807860432164365e-05,0.0,1.1807860432164365e-05
254,1.9713825420900957e-05,1.9713825420900957e-05,1.9713825420900957e-05,0.0,1.9713825420900957e-05
255,2.2207894537676865e-05,2.2207894537676865e-05,2.2207894537676865e-05,0.0,2.2207894537676865e-05
256,2.5549072513287776e-05,2.5549072513287776e-05,2.5549072513287776e-05,0.0,2.5549072513287776e-05
257,9.39623628876818e-06,9.39623628876818e-06,9.39623628876818e-06,0.0,9.39623628876818e-06
258,8.914615475209045e-06,8.914615475209045e-06,8.914615475209045e-06,0.0,8.914615475209045e-06
259,1.9481065516741557e-05,1.9481065516741557e-05,1.9481065516741557e-05,0.0,1.9481065516741557e-05
260,9.383960495449001e-06,9.383960495449001e-06,9.383960495449001e-06,0.0,9.383960495449001e-06
261,1.981450545799715e-05,1.981450545799715e-05,1.981450545799715e-05,0.0,1.981450545799715e-05
262,8.879414724904757e-06,8.879414724904757e-06,8.879414724904757e-06,0.0,8.879414724904757e-06
263,1.00160634263834e-05,1.00160634263834e-05,1.00160634263834e-05,0.0,1.00160634263834e-05
264,9.915934389140272e-06,9.915934389140272e-06,9.915934389140272e-06,0.0,9.915934389140272e-06
265,1.1458495180722892e-05,1.1458495180722892e-05,1.1458495180722892e-05,0.0,1.1458495180722892e-05
266,9.939533158731644e-06,9.939533158731644e-06,9.939533158731644e-06,0.0,9.939533158731644e-06
267,1.0023348068006182e-05,1.0023348068006182e-05,1.0023348068006182e-05,0.0,1.0023348068006182e-05
268,9.238419307159354e-06,9.238419307159354e-06,9.238419307159354e-06,0.0,9.238419307159354e-06
269,1.1580659735736967e-05,1.1580659735736967e-05,1.1580659735736967e-05,0.0,1.1580659735736967e-05
270,1.0526669736092653e-05,1.0526669736092653e-05,1.0526669736092653e-05,0.0,1.0526669736092653e-05
271,1.0684785447195555e-05,1.0684785447195555e-05,1.0684785447195555e-05,0.0,1.0684785447195555e-05
272,9.157032866428638e-06,9.157032866428638e-06,9.157032866428638e-06,0.0,9.157032866428638e-06
273,1.9497351101180976e-05,1.9497351101180976e-05,1.9497351101180976e-05,0.0,1.9497351101180976e-05
274,9.52085793024021e-06,9.52085793024021e-06,9.52085793024021e-06,0.0,9.52085793024021e-06
275,1.1458504657756176e-05,1.1458504657756176e-05,1.1458504657756176e-05,0.0,1.1458504657756176e-05
276,8.942808128379558e-06,8.942808128379558e-06,8.942808128379558e-06,0.0,8.942808128379558e-06
277,10000000000.0,10000000000,10000000000,0.0,10000000000
278,1.2043870467993545e-05,1.2043870467993545e-05,1.2043870467993545e-05,0.0,1.2043870467993545e-05
279,1.0931933738370988e-05,1.0931933738370988e-05,1.0931933738370988e-05,0.0,1.0931933738370988e-05
280,8.179782626460735e-06,8.179782626460735e-06,8.179782626460735e-06,0.0,8.179782626460735e-06
281,8.492140589009543e-06,8.492140589009543e-06,8.492140589009543e-06,0.0,8.492140589009543e-06
282,1.1397339833130214e-05,1.1397339833130214e-05,1.1397339833130214e-05,0.0,1.1397339833130214e-05
283,1.1332643966801447e-05,1.1332643966801447e-05,1.1332643966801447e-05,0.0,1.1332643966801447e-05
284,1.1334862930130588e-05,1.1334862930130588e-05,1.1334862930130588e-05,0.0,1.1334862930130588e-05
285,9.179440687726224e-06,9.179440687726224e-06,9.179440687726224e-06,0.0,9.179440687726224e-06
286,1.1058886897529364e-05,1.1058886897529364e-05,1.1058886897529364e-05,0.0,1.1058886897529364e-05
287,3.6386737725141873e-05,3.6386737725141873e-05,3.6386737725141873e-05,0.0,3.6386737725141873e-05
288,1.0532640333428058e-05,1.0532640333428058e-05,1.0532640333428058e-05,0.0,1.0532640333428058e-05
289,1.0504123141043857e-05,1.0504123141043857e-05,1.0504123141043857e-05,0.0,1.0504123141043857e-05
290,1.0168949270959903e-05,1.0168949270959903e-05,1.0168949270959903e-05,0.0,1.0168949270959903e-05
291,1.1531815384615384e-05,1.1531815384615384e-05,1.1531815384615384e-05,0.0,1.1531815384615384e-05
292,1.0997141737356384e-05,1.0997141737356384e-05,1.0997141737356384e-05,0.0,1.0997141737356384e-05
293,1.146896614821592e-05,1.146896614821592e-05,1.146896614821592e-05,0.0,1.146896614821592e-05
294,1.2421635933297472e-05,1.2421635933297472e-05,1.2421635933297472e-05,0.0,1.2421635933297472e-05
295,1.1447336434402885e-05,1.1447336434402885e-05,1.1447336434402885e-05,0.0,1.1447336434402885e-05
296,2.0405826566006936e-05,2.0405826566006936e-05,2.0405826566006936e-05,0.0,2.0405826566006936e-05
297,1.3384434787561226e-05,1.3384434787561226e-05,1.3384434787561226e-05,0.0,1.3384434787561226e-05
298,1.9956880941533788e-05,1.9956880941533788e-05,1.9956880941533788e-05,0.0,1.9956880941533788e-05
299,9.572726410915212e-06,9.572726410915212e-06,9.572726410915212e-06,0.0,9.572726410915212e-06
300,1.9906845277645942e-05,1.9906845277645942e-05,1.9906845277645942e-05,0.0,1.9906845277645942e-05
301,1.0304952245946663e-05,1.0304952245946663e-05,1.0304952245946663e-05,0.0,1.0304952245946663e-05
302,1.201931431554965e-05,1.201931431554965e-05,1.201931431554965e-05,0.0,1.201931431554965e-05
303,1.0541445414847161e-05,1.0541445414847161e-05,1.0541445414847161e-05,0.0,1.0541445414847161e-05
304,1.0539388322849296e-05,1.0539388322849296e-05,1.0539388322849296e-05,0.0,1.0539388322849296e-05
305,1.053845467329146e-05,1.053845467329146e-05,1.053845467329146e-05,0.0,1.053845467329146e-05
306,2.0295415186028852e-05,2.0295415186028852e-05,2.0295415186028852e-05,0.0,2.0295415186028852e-05
307,1.0751481571486431e-05,1.0751481571486431e-05,1.0751481571486431e-05,0.0,1.0751481571486431e-05
308,1.0752440657923028e-05,1.0752440657923028e-05,1.0752440657923028e-05,0.0,1.0752440657923028e-05
309,1.1833812571646923e-05,1.1833812571646923e-05,1.1833812571646923e-05,0.0,1.1833812571646923e-05
310,1.170233297471759e-05,1.170233297471759e-05,1.170233297471759e-05,0.0,1.170233297471759e-05
311,9.229966046564711e-06,9.229966046564711e-06,9.229966046564711e-06,0.0,9.229966046564711e-06
312,1.1294276427703524e-05,1.1294276427703524e-05,1.1294276427703524e-05,0.0,1.1294276427703524e-05
313,1.0111430448847555e-05,1.0111430448847555e-05,1.0111430448847555e-05,0.0,1.0111430448847555e-05
314,1.2422072619688006e-05,1.2422072619688006e-05,1.2422072619688006e-05,0.0,1.2422072619688006e-05
315,1.2422255040437407e-05,1.2422255040437407e-05,1.2422255040437407e-05,0.0,1.2422255040437407e-05
316,1.1144724606037592e-05,1.1144724606037592e-05,1.1144724606037592e-05,0.0,1.1144724606037592e-05
317,1.1144799462076386e-05,1.1144799462076386e-05,1.1144799462076386e-05,0.0,1.1144799462076386e-05
318,10000000000.0,10000000000,10000000000,0.0,10000000000
319,10000000000.0,10000000000,10000000000,0.0,10000000000
320,9.749326075949368e-05,9.749326075949368e-05,9.749326075949368e-05,0.0,9.749326075949368e-05
321,8.871923102419623e-06,8.871923102419623e-06,8.871923102419623e-06,0.0,8.871923102419623e-06
322,8.496309229151501e-06,8.496309229151501e-06,8.496309229151501e-06,0.0,8.496309229151501e-06
323,8.457181885488649e-06,8.457181885488649e-06,8.457181885488649e-06,0.0,8.457181885488649e-06
324,9.322397833229731e-06,9.322397833229731e-06,9.322397833229731e-06,0.0,9.322397833229731e-06
325,9.179811547640903e-06,9.179811547640903e-06,9.179811547640903e-06,0.0,9.179811547640903e-06
326,9.041265792504651e-06,9.041265792504651e-06,9.041265792504651e-06,0.0,9.041265792504651e-06
327,8.835238322295806e-06,8.835238322295806e-06,8.835238322295806e-06,0.0,8.835238322295806e-06
328,9.029818093471155e-06,9.029818093471155e-06,9.029818093471155e-06,0.0,9.029818093471155e-06
329,9.238771595641003e-06,9.238771595641003e-06,9.238771595641003e-06,0.0,9.238771595641003e-06
330,8.845494477252844e-06,8.845494477252844e-06,8.845494477252844e-06,0.0,8.845494477252844e-06
331,8.955826724997232e-06,8.955826724997232e-06,8.955826724997232e-06,0.0,8.955826724997232e-06
332,9.050206409477522e-06,9.050206409477522e-06,9.050206409477522e-06,0.0,9.050206409477522e-06
333,9.598808904499715e-06,9.598808904499715e-06,9.598808904499715e-06,0.0,9.598808904499715e-06
334,9.251745016390538e-06,9.251745016390538e-06,9.251745016390538e-06,0.0,9.251745016390538e-06
335,8.817384583744654e-06,8.817384583744654e-06,8.817384583744654e-06,0.0,8.817384583744654e-06
336,8.205530832320778e-06,8.205530832320778e-06,8.205530832320778e-06,0.0,8.205530832320778e-06
337,9.6242571099495e-06,9.6242571099495e-06,9.6242571099495e-06,0.0,9.6242571099495e-06
338,9.54677847279594e-06,9.54677847279594e-06,9.54677847279594e-06,0.0,9.54677847279594e-06
339,8.35689197706256e-06,8.35689197706256e-06,8.35689197706256e-06,0.0,8.35689197706256e-06
340,10000000000.0,10000000000,10000000000,0.0,10000000000
341,1.0165243820324267e-05,1.0165243820324267e-05,1.0165243820324267e-05,0.0,1.0165243820324267e-05
342,1.0323000088198977e-05,1.0323000088198977e-05,1.0323000088198977e-05,0.0,1.0323000088198977e-05
343,2.3679025695552014e-05,2.3679025695552014e-05,2.3679025695552014e-05,0.0,2.3679025695552014e-05
344,2.3676665071770332e-05,2.3676665071770332e-05,2.3676665071770332e-05,0.0,2.3676665071770332e-05
345,1.6083016429963796e-05,1.6083016429963796e-05,1.6083016429963796e-05,0.0,1.6083016429963796e-05
346,1.0508856723369786e-05,1.0508856723369786e-05,1.0508856723369786e-05,0.0,1.0508856723369786e-05
347,1.024580632586161e-05,1.024580632586161e-05,1.024580632586161e-05,0.0,1.024580632586161e-05
348,9.658518663875806e-06,9.658518663875806e-06,9.658518663875806e-06,0.0,9.658518663875806e-06
349,9.629258438912022e-06,9.629258438912022e-06,9.629258438912022e-06,0.0,9.629258438912022e-06
350,1.617620624584718e-05,1.617620624584718e-05,1.617620624584718e-05,0.0,1.617620624584718e-05
351,9.011235729202924e-06,9.011235729202924e-06,9.011235729202924e-06,0.0,9.011235729202924e-06
352,2.1341351210251546e-05,2.1341351210251546e-05,2.1341351210251546e-05,0.0,2.1341351210251546e-05
353,1.082771417653802e-05,1.082771417653802e-05,1.082771417653802e-05,0.0,1.082771417653802e-05
354,1.0454263622555535e-05,1.0454263622555535e-05,1.0454263622555535e-05,0.0,1.0454263622555535e-05
355,1.0454919783558003e-05,1.0454919783558003e-05,1.0454919783558003e-05,0.0,1.0454919783558003e-05
356,9.232767889307352e-06,9.232767889307352e-06,9.232767889307352e-06,0.0,9.232767889307352e-06
357,1.081128803047754e-05,1.081128803047754e-05,1.081128803047754e-05,0.0,1.081128803047754e-05
358,1.0811660030318342e-05,1.0811660030318342e-05,1.0811660030318342e-05,0.0,1.0811660030318342e-05
359,10000000000.0,10000000000,10000000000,0.0,10000000000
360,10000000000.0,10000000000,10000000000,0.0,10000000000
361,1.1096994873742167e-05,1.1096994873742167e-05,1.1096994873742167e-05,0.0,1.1096994873742167e-05
362,10000000000.0,10000000000,10000000000,0.0,10000000000
363,1.0052601254705145e-05,1.0052601254705145e-05,1.0052601254705145e-05,0.0,1.0052601254705145e-05
364,1.6407065932675275e-05,1.6407065932675275e-05,1.6407065932675275e-05,0.0,1.6407065932675275e-05
365,9.34753536345776e-06,9.34753536345776e-06,9.34753536345776e-06,0.0,9.34753536345776e-06
366,10000000000.0,10000000000,10000000000,0.0,10000000000
367,10000000000.0,10000000000,10000000000,0.0,10000000000
368,1.0107601291057528e-05,1.0107601291057528e-05,1.0107601291057528e-05,0.0,1.0107601291057528e-05
369,1.0114174352750809e-05,1.0114174352750809e-05,1.0114174352750809e-05,0.0,1.0114174352750809e-05
370,1.0158282727443962e-05,1.0158282727443962e-05,1.0158282727443962e-05,0.0,1.0158282727443962e-05
371,10000000000.0,10000000000,10000000000,0.0,10000000000
372,9.098165354330709e-06,9.098165354330709e-06,9.098165354330709e-06,0.0,9.098165354330709e-06
373,9.816654452249857e-06,9.816654452249857e-06,9.816654452249857e-06,0.0,9.816654452249857e-06
374,10000000000.0,10000000000,10000000000,0.0,10000000000
375,1.009865805961648e-05,1.009865805961648e-05,1.009865805961648e-05,0.0,1.009865805961648e-05
376,1.1016548079815501e-05,1.1016548079815501e-05,1.1016548079815501e-05,0.0,1.1016548079815501e-05
377,2.048512239939256e-05,2.048512239939256e-05,2.048512239939256e-05,0.0,2.048512239939256e-05
378,2.055028914198937e-05,2.055028914198937e-05,2.055028914198937e-05,0.0,2.055028914198937e-05
379,1.052385019935447e-05,1.052385019935447e-05,1.052385019935447e-05,0.0,1.052385019935447e-05
380,8.923687782404537e-06,8.923687782404537e-06,8.923687782404537e-06,0.0,8.923687782404537e-06
381,9.822778811467628e-06,9.822778811467628e-06,9.822778811467628e-06,0.0,9.822778811467628e-06
382,10000000000.0,10000000000,10000000000,0.0,10000000000
383,10000000000.0,10000000000,10000000000,0.0,10000000000
384,9.530463339610798e-05,9.530463339610798e-05,9.530463339610798e-05,0.0,9.530463339610798e-05
385,9.033540144784468e-06,9.033540144784468e-06,9.033540144784468e-06,0.0,9.033540144784468e-06
386,8.455805384365879e-06,8.455805384365879e-06,8.455805384365879e-06,0.0,8.455805384365879e-06
387,8.323183323207776e-06,8.323183323207776e-06,8.323183323207776e-06,0.0,8.323183323207776e-06
388,8.32489209133946e-06,8.32489209133946e-06,8.32489209133946e-06,0.0,8.32489209133946e-06
389,8.192587127415656e-06,8.192587127415656e-06,8.192587127415656e-06,0.0,8.192587127415656e-06
390,8.934387588013755e-06,8.934387588013755e-06,8.934387588013755e-06,0.0,8.934387588013755e-06
391,9.06639305692662e-06,9.06639305692662e-06,9.06639305692662e-06,0.0,9.06639305692662e-06
392,9.065812635968092e-06,9.065812635968092e-06,9.065812635968092e-06,0.0,9.065812635968092e-06
393,8.199555090998524e-06,8.199555090998524e-06,8.199555090998524e-06,0.0,8.199555090998524e-06
394,8.910383349786113e-06,8.910383349786113e-06,8.910383349786113e-06,0.0,8.910383349786113e-06
395,8.9095307563791e-06,8.9095307563791e-06,8.9095307563791e-06,0.0,8.9095307563791e-06
396,9.516376115435732e-06,9.516376115435732e-06,9.516376115435732e-06,0.0,9.516376115435732e-06
397,9.422247958556501e-06,9.422247958556501e-06,9.422247958556501e-06,0.0,9.422247958556501e-06
398,8.155912901647365e-06,8.155912901647365e-06,8.155912901647365e-06,0.0,8.155912901647365e-06
399,8.486452640944755e-06,8.486452640944755e-06,8.486452640944755e-06,0.0,8.486452640944755e-06
400,8.902185966155754e-06,8.902185966155754e-06,8.902185966155754e-06,0.0,8.902185966155754e-06
401,8.83955484840449e-06,8.83955484840449e-06,8.83955484840449e-06,0.0,8.83955484840449e-06
402,8.199430497136776e-06,8.199430497136776e-06,8.199430497136776e-06,0.0,8.199430497136776e-06
403,8.199681880315918e-06,8.199681880315918e-06,8.199681880315918e-06,0.0,8.199681880315918e-06
404,9.234144679720032e-06,9.234144679720032e-06,9.234144679720032e-06,0.0,9.234144679720032e-06
405,9.157021976009522e-06,9.157021976009522e-06,9.157021976009522e-06,0.0,9.157021976009522e-06
406,7.905431244518078e-06,7.905431244518078e-06,7.905431244518078e-06,0.0,7.905431244518078e-06
407,8.967826717557253e-06,8.967826717557253e-06,8.967826717557253e-06,0.0,8.967826717557253e-06
408,1.4628478613009366e-05,1.4628478613009366e-05,1.4628478613009366e-05,0.0,1.4628478613009366e-05
409,7.806941332501171e-06,7.806941332501171e-06,7.806941332501171e-06,0.0,7.806941332501171e-06
410,7.804889125151885e-06,7.804889125151885e-06,7.804889125151885e-06,0.0,7.804889125151885e-06
411,9.345462106345202e-06,9.345462106345202e-06,9.345462106345202e-06,0.0,9.345462106345202e-06
412,9.351133807294376e-06,9.351133807294376e-06,9.351133807294376e-06,0.0,9.351133807294376e-06
413,9.35135888566888e-06,9.35135888566888e-06,9.35135888566888e-06,0.0,9.35135888566888e-06
414,8.592222074578523e-06,8.592222074578523e-06,8.592222074578523e-06,0.0,8.592222074578523e-06
415,8.792638965755794e-06,8.792638965755794e-06,8.792638965755794e-06,0.0,8.792638965755794e-06
416,8.646131210924646e-06,8.646131210924646e-06,8.646131210924646e-06,0.0,8.646131210924646e-06
417,8.528213890072434e-06,8.528213890072434e-06,8.528213890072434e-06,0.0,8.528213890072434e-06
418,8.352810628496216e-06,8.352810628496216e-06,8.352810628496216e-06,0.0,8.352810628496216e-06
419,8.83546776218813e-06,8.83546776218813e-06,8.83546776218813e-06,0.0,8.83546776218813e-06
420,8.911815646594273e-06,8.911815646594273e-06,8.911815646594273e-06,0.0,8.911815646594273e-06
421,8.99616046476306e-06,8.99616046476306e-06,8.99616046476306e-06,0.0,8.99616046476306e-06
422,9.974884734650482e-06,9.974884734650482e-06,9.974884734650482e-06,0.0,9.974884734650482e-06
423,8.3721012668641e-06,8.3721012668641e-06,8.3721012668641e-06,0.0,8.3721012668641e-06
424,8.969855791378743e-06,8.969855791378743e-06,8.969855791378743e-06,0.0,8.969855791378743e-06
425,9.777966344801726e-06,9.777966344801726e-06,9.777966344801726e-06,0.0,9.777966344801726e-06
426,8.680581441263573e-06,8.680581441263573e-06,8.680581441263573e-06,0.0,8.680581441263573e-06
427,9.09393887792037e-06,9.09393887792037e-06,9.09393887792037e-06,0.0,9.09393887792037e-06
428,8.930751069430734e-06,8.930751069430734e-06,8.930751069430734e-06,0.0,8.930751069430734e-06
429,9.259738236261929e-06,9.259738236261929e-06,9.259738236261929e-06,0.0,9.259738236261929e-06
430,9.214989292223572e-06,9.214989292223572e-06,9.214989292223572e-06,0.0,9.214989292223572e-06
431,8.806057668603628e-06,8.806057668603628e-06,8.806057668603628e-06,0.0,8.806057668603628e-06
432,8.853438466600857e-06,8.853438466600857e-06,8.853438466600857e-06,0.0,8.853438466600857e-06
433,9.27442633117746e-06,9.27442633117746e-06,9.27442633117746e-06,0.0,9.27442633117746e-06
434,8.827415482390326e-06,8.827415482390326e-06,8.827415482390326e-06,0.0,8.827415482390326e-06
435,9.550922718148542e-06,9.550922718148542e-06,9.550922718148542e-06,0.0,9.550922718148542e-06
436,9.236499142072753e-06,9.236499142072753e-06,9.236499142072753e-06,0.0,9.236499142072753e-06
437,9.742678849439909e-06,9.742678849439909e-06,9.742678849439909e-06,0.0,9.742678849439909e-06
438,9.78290966266438e-06,9.78290966266438e-06,9.78290966266438e-06,0.0,9.78290966266438e-06
439,9.769415699477275e-06,9.769415699477275e-06,9.769415699477275e-06,0.0,9.769415699477275e-06
440,1.0110893742953776e-05,1.0110893742953776e-05,1.0110893742953776e-05,0.0,1.0110893742953776e-05
441,9.148635201628868e-06,9.148635201628868e-06,9.148635201628868e-06,0.0,9.148635201628868e-06
442,9.773782323903551e-06,9.773782323903551e-06,9.773782323903551e-06,0.0,9.773782323903551e-06
443,9.16335093780849e-06,9.16335093780849e-06,9.16335093780849e-06,0.0,9.16335093780849e-06
444,2.363664663917066e-05,2.363664663917066e-05,2.363664663917066e-05,0.0,2.363664663917066e-05
445,9.47780796385202e-06,9.47780796385202e-06,9.47780796385202e-06,0.0,9.47780796385202e-06
446,2.71143054138878e-05,2.71143054138878e-05,2.71143054138878e-05,0.0,2.71143054138878e-05
447,1.314806247468611e-05,1.314806247468611e-05,1.314806247468611e-05,0.0,1.314806247468611e-05
448,10000000000.0,10000000000,10000000000,0.0,10000000000
449,9.014241280026324e-06,9.014241280026324e-06,9.014241280026324e-06,0.0,9.014241280026324e-06
450,8.471747015660935e-06,8.471747015660935e-06,8.471747015660935e-06,0.0,8.471747015660935e-06
451,7.998305606654402e-06,7.998305606654402e-06,7.998305606654402e-06,0.0,7.998305606654402e-06
452,7.909053855278766e-06,7.909053855278766e-06,7.909053855278766e-06,0.0,7.909053855278766e-06
453,8.808118377755841e-06,8.808118377755841e-06,8.808118377755841e-06,0.0,8.808118377755841e-06
454,8.339985571081411e-06,8.339985571081411e-06,8.339985571081411e-06,0.0,8.339985571081411e-06
455,8.331197979951396e-06,8.331197979951396e-06,8.331197979951396e-06,0.0,8.331197979951396e-06
456,8.150105297473513e-06,8.150105297473513e-06,8.150105297473513e-06,0.0,8.150105297473513e-06
457,9.126199014508622e-06,9.126199014508622e-06,9.126199014508622e-06,0.0,9.126199014508622e-06
458,8.424704180334763e-06,8.424704180334763e-06,8.424704180334763e-06,0.0,8.424704180334763e-06
459,8.482262219425214e-06,8.482262219425214e-06,8.482262219425214e-06,0.0,8.482262219425214e-06
460,8.339129784325638e-06,8.339129784325638e-06,8.339129784325638e-06,0.0,8.339129784325638e-06
461,9.045257907327014e-06,9.045257907327014e-06,9.045257907327014e-06,0.0,9.045257907327014e-06
462,8.29637092793682e-06,8.29637092793682e-06,8.29637092793682e-06,0.0,8.29637092793682e-06
463,8.294939289239882e-06,8.294939289239882e-06,8.294939289239882e-06,0.0,8.294939289239882e-06
464,8.206490258751902e-06,8.206490258751902e-06,8.206490258751902e-06,0.0,8.206490258751902e-06
465,8.408340142770352e-06,8.408340142770352e-06,8.408340142770352e-06,0.0,8.408340142770352e-06
466,9.543010917030568e-06,9.543010917030568e-06,9.543010917030568e-06,0.0,9.543010917030568e-06
467,9.610739523345442e-06,9.610739523345442e-06,9.610739523345442e-06,0.0,9.610739523345442e-06
468,9.149340260390586e-06,9.149340260390586e-06,9.149340260390586e-06,0.0,9.149340260390586e-06
469,9.18306689111367e-06,9.18306689111367e-06,9.18306689111367e-06,0.0,9.18306689111367e-06
470,9.337400954653938e-06,9.337400954653938e-06,9.337400954653938e-06,0.0,9.337400954653938e-06
471,9.336753255958181e-06,9.336753255958181e-06,9.336753255958181e-06,0.0,9.336753255958181e-06
472,8.885702122408688e-06,8.885702122408688e-06,8.885702122408688e-06,0.0,8.885702122408688e-06
473,8.885478251318102e-06,8.885478251318102e-06,8.885478251318102e-06,0.0,8.885478251318102e-06
474,9.284233135899967e-06,9.284233135899967e-06,9.284233135899967e-06,0.0,9.284233135899967e-06
475,8.941375919199079e-06,8.941375919199079e-06,8.941375919199079e-06,0.0,8.941375919199079e-06
476,9.017236540600666e-06,9.017236540600666e-06,9.017236540600666e-06,0.0,9.017236540600666e-06
477,8.348094415226648e-06,8.348094415226648e-06,8.348094415226648e-06,0.0,8.348094415226648e-06
478,9.29174698240118e-06,9.29174698240118e-06,9.29174698240118e-06,0.0,9.29174698240118e-06
479,8.96845113365486e-06,8.96845113365486e-06,8.96845113365486e-06,0.0,8.96845113365486e-06
480,8.903463228035538e-06,8.903463228035538e-06,8.903463228035538e-06,0.0,8.903463228035538e-06
481,8.965693009657128e-06,8.965693009657128e-06,8.965693009657128e-06,0.0,8.965693009657128e-06
482,9.27760122264552e-06,9.27760122264552e-06,9.27760122264552e-06,0.0,9.27760122264552e-06
483,8.740925653098421e-06,8.740925653098421e-06,8.740925653098421e-06,0.0,8.740925653098421e-06
484,8.72220112032748e-06,8.72220112032748e-06,8.72220112032748e-06,0.0,8.72220112032748e-06
485,9.21854858038348e-06,9.21854858038348e-06,9.21854858038348e-06,0.0,9.21854858038348e-06
486,9.605905259160812e-06,9.605905259160812e-06,9.605905259160812e-06,0.0,9.605905259160812e-06
487,8.759974260738183e-06,8.759974260738183e-06,8.759974260738183e-06,0.0,8.759974260738183e-06
488,8.90515289403384e-06,8.90515289403384e-06,8.90515289403384e-06,0.0,8.90515289403384e-06
489,9.157972770648239e-06,9.157972770648239e-06,9.157972770648239e-06,0.0,9.157972770648239e-06
490,8.882297599007709e-06,8.882297599007709e-06,8.882297599007709e-06,0.0,8.882297599007709e-06
491,9.280700408239005e-06,9.280700408239005e-06,9.280700408239005e-06,0.0,9.280700408239005e-06
492,9.418620455829723e-06,9.418620455829723e-06,9.418620455829723e-06,0.0,9.418620455829723e-06
493,9.41567055832784e-06,9.41567055832784e-06,9.41567055832784e-06,0.0,9.41567055832784e-06
494,9.59223150527155e-06,9.59223150527155e-06,9.59223150527155e-06,0.0,9.59223150527155e-06
495,9.54243800611841e-06,9.54243800611841e-06,9.54243800611841e-06,0.0,9.54243800611841e-06
496,9.105934792238859e-06,9.105934792238859e-06,9.105934792238859e-06,0.0,9.105934792238859e-06
497,9.785446391495723e-06,9.785446391495723e-06,9.785446391495723e-06,0.0,9.785446391495723e-06
498,9.78228091926217e-06,9.78228091926217e-06,9.78228091926217e-06,0.0,9.78228091926217e-06
499,9.780918838826732e-06,9.780918838826732e-06,9.780918838826732e-06,0.0,9.780918838826732e-06
500,9.192102535832414e-06,9.192102535832414e-06,9.192102535832414e-06,0.0,9.192102535832414e-06
501,9.188997060714613e-06,9.188997060714613e-06,9.188997060714613e-06,0.0,9.188997060714613e-06
502,9.773588907592806e-06,9.773588907592806e-06,9.773588907592806e-06,0.0,9.773588907592806e-06
503,9.775931803224744e-06,9.775931803224744e-06,9.775931803224744e-06,0.0,9.775931803224744e-06
504,8.7400538005923e-06,8.7400538005923e-06,8.7400538005923e-06,0.0,8.7400538005923e-06
505,1.0140022237972888e-05,1.0140022237972888e-05,1.0140022237972888e-05,0.0,1.0140022237972888e-05
506,1.0050071184545624e-05,1.0050071184545624e-05,1.0050071184545624e-05,0.0,1.0050071184545624e-05
507,9.277907288581771e-06,9.277907288581771e-06,9.277907288581771e-06,0.0,9.277907288581771e-06
508,9.50460396916807e-06,9.50460396916807e-06,9.50460396916807e-06,0.0,9.50460396916807e-06
509,9.421877920368542e-06,9.421877920368542e-06,9.421877920368542e-06,0.0,9.421877920368542e-06
510,3.4404727032227035e-05,3.4404727032227035e-05,3.4404727032227035e-05,0.0,3.4404727032227035e-05
511,10000000000.0,10000000000,10000000000,0.0,10000000000
512,5.17619788661523e-05,5.17619788661523e-05,5.17619788661523e-05,0.0,5.17619788661523e-05
513,8.734971613241331e-06,8.734971613241331e-06,8.734971613241331e-06,0.0,8.734971613241331e-06
514,8.310154095364678e-06,8.310154095364678e-06,8.310154095364678e-06,0.0,8.310154095364678e-06
515,8.462075561968408e-06,8.462075561968408e-06,8.462075561968408e-06,0.0,8.462075561968408e-06
516,8.5724384049179e-06,8.5724384049179e-06,8.5724384049179e-06,0.0,8.5724384049179e-06
517,8.629275090490294e-06,8.629275090490294e-06,8.629275090490294e-06,0.0,8.629275090490294e-06
518,8.402258555445871e-06,8.402258555445871e-06,8.402258555445871e-06,0.0,8.402258555445871e-06
519,8.805426219404823e-06,8.805426219404823e-06,8.805426219404823e-06,0.0,8.805426219404823e-06
520,8.30551476858273e-06,8.30551476858273e-06,8.30551476858273e-06,0.0,8.30551476858273e-06
521,8.977033401258083e-06,8.977033401258083e-06,8.977033401258083e-06,0.0,8.977033401258083e-06
522,8.86999430542627e-06,8.86999430542627e-06,8.86999430542627e-06,0.0,8.86999430542627e-06
523,8.877768957021625e-06,8.877768957021625e-06,8.877768957021625e-06,0.0,8.877768957021625e-06
524,9.524732967130326e-06,9.524732967130326e-06,9.524732967130326e-06,0.0,9.524732967130326e-06
525,9.432385206308561e-06,9.432385206308561e-06,9.432385206308561e-06,0.0,9.432385206308561e-06
526,9.022007758231845e-06,9.022007758231845e-06,9.022007758231845e-06,0.0,9.022007758231845e-06
527,8.901007120605251e-06,8.901007120605251e-06,8.901007120605251e-06,0.0,8.901007120605251e-06
528,9.00741407729146e-06,9.00741407729146e-06,9.00741407729146e-06,0.0,9.00741407729146e-06
529,8.861633533916848e-06,8.861633533916848e-06,8.861633533916848e-06,0.0,8.861633533916848e-06
530,9.306904996743278e-06,9.306904996743278e-06,9.306904996743278e-06,0.0,9.306904996743278e-06
531,9.63077283083349e-06,9.63077283083349e-06,9.63077283083349e-06,0.0,9.63077283083349e-06
532,9.430046134155565e-06,9.430046134155565e-06,9.430046134155565e-06,0.0,9.430046134155565e-06
533,9.523916363958535e-06,9.523916363958535e-06,9.523916363958535e-06,0.0,9.523916363958535e-06
534,9.187598552155314e-06,9.187598552155314e-06,9.187598552155314e-06,0.0,9.187598552155314e-06
535,9.187963248805586e-06,9.187963248805586e-06,9.187963248805586e-06,0.0,9.187963248805586e-06
536,9.20131162020425e-06,9.20131162020425e-06,9.20131162020425e-06,0.0,9.20131162020425e-06
537,9.022314360454627e-06,9.022314360454627e-06,9.022314360454627e-06,0.0,9.022314360454627e-06
538,9.338147910496874e-06,9.338147910496874e-06,9.338147910496874e-06,0.0,9.338147910496874e-06
539,9.220814678222386e-06,9.220814678222386e-06,9.220814678222386e-06,0.0,9.220814678222386e-06
540,8.80743716978049e-06,8.80743716978049e-06,8.80743716978049e-06,0.0,8.80743716978049e-06
541,9.27624054221671e-06,9.27624054221671e-06,9.27624054221671e-06,0.0,9.27624054221671e-06
542,9.630030602171768e-06,9.630030602171768e-06,9.630030602171768e-06,0.0,9.630030602171768e-06
543,9.975781982490822e-06,9.975781982490822e-06,9.975781982490822e-06,0.0,9.975781982490822e-06
544,9.259236599043377e-06,9.259236599043377e-06,9.259236599043377e-06,0.0,9.259236599043377e-06
545,8.591850433588047e-06,8.591850433588047e-06,8.591850433588047e-06,0.0,8.591850433588047e-06
546,8.288330825824584e-06,8.288330825824584e-06,8.288330825824584e-06,0.0,8.288330825824584e-06
547,8.763581036443386e-06,8.763581036443386e-06,8.763581036443386e-06,0.0,8.763581036443386e-06
548,9.570895936163212e-06,9.570895936163212e-06,9.570895936163212e-06,0.0,9.570895936163212e-06
549,9.594829527255473e-06,9.594829527255473e-06,9.594829527255473e-06,0.0,9.594829527255473e-06
550,10000000000.0,10000000000,10000000000,0.0,10000000000
551,10000000000.0,10000000000,10000000000,0.0,10000000000
552,10000000000.0,10000000000,10000000000,0.0,10000000000
553,9.396997519811265e-06,9.396997519811265e-06,9.396997519811265e-06,0.0,9.396997519811265e-06
554,9.523840025906736e-06,9.523840025906736e-06,9.523840025906736e-06,0.0,9.523840025906736e-06
555,9.598222626715206e-06,9.598222626715206e-06,9.598222626715206e-06,0.0,9.598222626715206e-06
556,8.807553843444572e-06,8.807553843444572e-06,8.807553843444572e-06,0.0,8.807553843444572e-06
557,7.880608395989975e-06,7.880608395989975e-06,7.880608395989975e-06,0.0,7.880608395989975e-06
558,9.593268274159863e-06,9.593268274159863e-06,9.593268274159863e-06,0.0,9.593268274159863e-06
559,1.005660408270545e-05,1.005660408270545e-05,1.005660408270545e-05,0.0,1.005660408270545e-05
560,8.427108670615334e-06,8.427108670615334e-06,8.427108670615334e-06,0.0,8.427108670615334e-06
561,8.609197985710597e-06,8.609197985710597e-06,8.609197985710597e-06,0.0,8.609197985710597e-06
562,8.9062686276247e-06,8.9062686276247e-06,8.9062686276247e-06,0.0,8.9062686276247e-06
563,8.851363001215067e-06,8.851363001215067e-06,8.851363001215067e-06,0.0,8.851363001215067e-06
564,9.574247182631754e-06,9.574247182631754e-06,9.574247182631754e-06,0.0,9.574247182631754e-06
565,8.65401910103227e-06,8.65401910103227e-06,8.65401910103227e-06,0.0,8.65401910103227e-06
566,9.939774843698585e-06,9.939774843698585e-06,9.939774843698585e-06,0.0,9.939774843698585e-06
567,9.676193566962816e-06,9.676193566962816e-06,9.676193566962816e-06,0.0,9.676193566962816e-06
568,9.267792358803988e-06,9.267792358803988e-06,9.267792358803988e-06,0.0,9.267792358803988e-06
569,7.9410741211015e-06,7.9410741211015e-06,7.9410741211015e-06,0.0,7.9410741211015e-06
570,9.029174160346695e-06,9.029174160346695e-06,9.029174160346695e-06,0.0,9.029174160346695e-06
571,1.020161433671552e-05,1.020161433671552e-05,1.020161433671552e-05,0.0,1.020161433671552e-05
572,10000000000.0,10000000000,10000000000,0.0,10000000000
573,9.943675040228858e-06,9.943675040228858e-06,9.943675040228858e-06,0.0,9.943675040228858e-06
574,3.2280147186147184e-05,3.2280147186147184e-05,3.2280147186147184e-05,0.0,3.2280147186147184e-05
575,3.2688878868848814e-05,3.2688878868848814e-05,3.2688878868848814e-05,0.0,3.2688878868848814e-05
576,10000000000.0,10000000000,10000000000,0.0,10000000000
577,9.443081421103925e-06,9.443081421103925e-06,9.443081421103925e-06,0.0,9.443081421103925e-06
578,8.403184929253045e-06,8.403184929253045e-06,8.403184929253045e-06,0.0,8.403184929253045e-06
579,8.139179863903495e-06,8.139179863903495e-06,8.139179863903495e-06,0.0,8.139179863903495e-06
580,9.461989914854923e-06,9.461989914854923e-06,9.461989914854923e-06,0.0,9.461989914854923e-06
581,8.315652321805907e-06,8.315652321805907e-06,8.315652321805907e-06,0.0,8.315652321805907e-06
582,8.191294603903559e-06,8.191294603903559e-06,8.191294603903559e-06,0.0,8.191294603903559e-06
583,8.510774584070797e-06,8.510774584070797e-06,8.510774584070797e-06,0.0,8.510774584070797e-06
584,8.40631235603817e-06,8.40631235603817e-06,8.40631235603817e-06,0.0,8.40631235603817e-06
585,8.602050729040097e-06,8.602050729040097e-06,8.602050729040097e-06,0.0,8.602050729040097e-06
586,8.154787804679221e-06,8.154787804679221e-06,8.154787804679221e-06,0.0,8.154787804679221e-06
587,8.903139355051003e-06,8.903139355051003e-06,8.903139355051003e-06,0.0,8.903139355051003e-06
588,8.603097548387096e-06,8.603097548387096e-06,8.603097548387096e-06,0.0,8.603097548387096e-06
589,8.40756964045699e-06,8.40756964045699e-06,8.40756964045699e-06,0.0,8.40756964045699e-06
590,8.158005709624797e-06,8.158005709624797e-06,8.158005709624797e-06,0.0,8.158005709624797e-06
591,1.5140143553327763e-05,1.5140143553327763e-05,1.5140143553327763e-05,0.0,1.5140143553327763e-05
592,8.344884340826246e-06,8.344884340826246e-06,8.344884340826246e-06,0.0,8.344884340826246e-06
593,8.311290173147023e-06,8.311290173147023e-06,8.311290173147023e-06,0.0,8.311290173147023e-06
594,8.312845838396112e-06,8.312845838396112e-06,8.312845838396112e-06,0.0,8.312845838396112e-06
595,8.338820937982605e-06,8.338820937982605e-06,8.338820937982605e-06,0.0,8.338820937982605e-06
596,8.394015775782496e-06,8.394015775782496e-06,8.394015775782496e-06,0.0,8.394015775782496e-06
597,8.49551341484123e-06,8.49551341484123e-06,8.49551341484123e-06,0.0,8.49551341484123e-06
598,9.034623283423409e-06,9.034623283423409e-06,9.034623283423409e-06,0.0,9.034623283423409e-06
599,8.489709595546096e-06,8.489709595546096e-06,8.489709595546096e-06,0.0,8.489709595546096e-06
600,10000000000.0,10000000000,10000000000,0.0,10000000000
601,8.938851184600197e-06,8.938851184600197e-06,8.938851184600197e-06,0.0,8.938851184600197e-06
602,10000000000.0,10000000000,10000000000,0.0,10000000000
603,8.995269070612209e-06,8.995269070612209e-06,8.995269070612209e-06,0.0,8.995269070612209e-06
604,8.990170891705582e-06,8.990170891705582e-06,8.990170891705582e-06,0.0,8.990170891705582e-06
605,8.936078973346495e-06,8.936078973346495e-06,8.936078973346495e-06,0.0,8.936078973346495e-06
606,9.436459200850536e-06,9.436459200850536e-06,9.436459200850536e-06,0.0,9.436459200850536e-06
607,8.935040435286968e-06,8.935040435286968e-06,8.935040435286968e-06,0.0,8.935040435286968e-06
608,9.025542008843966e-06,9.025542008843966e-06,9.025542008843966e-06,0.0,9.025542008843966e-06
609,9.025295915655179e-06,9.025295915655179e-06,9.025295915655179e-06,0.0,9.025295915655179e-06
610,9.014428850011142e-06,9.014428850011142e-06,9.014428850011142e-06,0.0,9.014428850011142e-06
611,9.014846524544637e-06,9.014846524544637e-06,9.014846524544637e-06,0.0,9.014846524544637e-06
612,8.905591916674084e-06,8.905591916674084e-06,8.905591916674084e-06,0.0,8.905591916674084e-06
613,8.46338001353867e-06,8.46338001353867e-06,8.46338001353867e-06,0.0,8.46338001353867e-06
614,8.973507717157215e-06,8.973507717157215e-06,8.973507717157215e-06,0.0,8.973507717157215e-06
615,8.010575713851762e-06,8.010575713851762e-06,8.010575713851762e-06,0.0,8.010575713851762e-06
616,8.010607191418643e-06,8.010607191418643e-06,8.010607191418643e-06,0.0,8.010607191418643e-06
617,7.863440993317132e-06,7.863440993317132e-06,7.863440993317132e-06,0.0,7.863440993317132e-06
618,9.326183530766699e-06,9.326183530766699e-06,9.326183530766699e-06,0.0,9.326183530766699e-06
619,8.634858400207094e-06,8.634858400207094e-06,8.634858400207094e-06,0.0,8.634858400207094e-06
620,8.826694446889026e-06,8.826694446889026e-06,8.826694446889026e-06,0.0,8.826694446889026e-06
621,9.096788606361301e-06,9.096788606361301e-06,9.096788606361301e-06,0.0,9.096788606361301e-06
622,9.098186539336061e-06,9.098186539336061e-06,9.098186539336061e-06,0.0,9.098186539336061e-06
623,10000000000.0,10000000000,10000000000,0.0,10000000000
624,8.932571339285715e-06,8.932571339285715e-06,8.932571339285715e-06,0.0,8.932571339285715e-06
625,9.09495155823758e-06,9.09495155823758e-06,9.09495155823758e-06,0.0,9.09495155823758e-06
626,9.382791518108463e-06,9.382791518108463e-06,9.382791518108463e-06,0.0,9.382791518108463e-06
627,8.631631210924647e-06,8.631631210924647e-06,8.631631210924647e-06,0.0,8.631631210924647e-06
628,2.1021529821230817e-05,2.1021529821230817e-05,2.1021529821230817e-05,0.0,2.1021529821230817e-05
629,9.357608824422843e-06,9.357608824422843e-06,9.357608824422843e-06,0.0,9.357608824422843e-06
630,9.272608039912835e-06,9.272608039912835e-06,9.272608039912835e-06,0.0,9.272608039912835e-06
631,9.380171757636454e-06,9.380171757636454e-06,9.380171757636454e-06,0.0,9.380171757636454e-06
632,9.269891329384667e-06,9.269891329384667e-06,9.269891329384667e-06,0.0,9.269891329384667e-06
633,8.00909826852977e-06,8.00909826852977e-06,8.00909826852977e-06,0.0,8.00909826852977e-06
634,10000000000.0,10000000000,10000000000,0.0,10000000000
635,10000000000.0,10000000000,10000000000,0.0,10000000000
636,9.408907867254583e-06,9.408907867254583e-06,9.408907867254583e-06,0.0,9.408907867254583e-06
637,9.204735713652874e-06,9.204735713652874e-06,9.204735713652874e-06,0.0,9.204735713652874e-06
638,5.7473685527328714e-05,5.7473685527328714e-05,5.7473685527328714e-05,0.0,5.7473685527328714e-05
639,4.182433639654692e-05,4.182433639654692e-05,4.182433639654692e-05,0.0,4.182433639654692e-05
640,4.7269052960526316e-05,4.7269052960526316e-05,4.7269052960526316e-05,0.0,4.7269052960526316e-05
641,9.059850181624878e-06,9.059850181624878e-06,9.059850181624878e-06,0.0,9.059850181624878e-06
642,7.969340849364027e-06,7.969340849364027e-06,7.969340849364027e-06,0.0,7.969340849364027e-06
643,8.242718806658975e-06,8.242718806658975e-06,8.242718806658975e-06,0.0,8.242718806658975e-06
644,8.806165463191265e-06,8.806165463191265e-06,8.806165463191265e-06,0.0,8.806165463191265e-06
645,7.837931652490887e-06,7.837931652490887e-06,7.837931652490887e-06,0.0,7.837931652490887e-06
646,7.858301658310837e-06,7.858301658310837e-06,7.858301658310837e-06,0.0,7.858301658310837e-06
647,8.336406730065837e-06,8.336406730065837e-06,8.336406730065837e-06,0.0,8.336406730065837e-06
648,8.427193402435012e-06,8.427193402435012e-06,8.427193402435012e-06,0.0,8.427193402435012e-06
649,8.198887540983607e-06,8.198887540983607e-06,8.198887540983607e-06,0.0,8.198887540983607e-06
650,8.199385901639344e-06,8.199385901639344e-06,8.199385901639344e-06,0.0,8.199385901639344e-06
651,8.179272385313599e-06,8.179272385313599e-06,8.179272385313599e-06,0.0,8.179272385313599e-06
652,8.488181474169135e-06,8.488181474169135e-06,8.488181474169135e-06,0.0,8.488181474169135e-06
653,8.351028174362091e-06,8.351028174362091e-06,8.351028174362091e-06,0.0,8.351028174362091e-06
654,7.858858065006076e-06,7.858858065006076e-06,7.858858065006076e-06,0.0,7.858858065006076e-06
655,8.004455152624549e-06,8.004455152624549e-06,8.004455152624549e-06,0.0,8.004455152624549e-06
656,8.570528050007945e-06,8.570528050007945e-06,8.570528050007945e-06,0.0,8.570528050007945e-06
657,8.75497251379721e-06,8.75497251379721e-06,8.75497251379721e-06,0.0,8.75497251379721e-06
658,8.165638137910085e-06,8.165638137910085e-06,8.165638137910085e-06,0.0,8.165638137910085e-06
659,8.177769405700423e-06,8.177769405700423e-06,8.177769405700423e-06,0.0,8.177769405700423e-06
660,8.264736434740101e-06,8.264736434740101e-06,8.264736434740101e-06,0.0,8.264736434740101e-06
661,8.976035704793126e-06,8.976035704793126e-06,8.976035704793126e-06,0.0,8.976035704793126e-06
662,9.170363594681339e-06,9.170363594681339e-06,9.170363594681339e-06,0.0,9.170363594681339e-06
663,8.629071613459879e-06,8.629071613459879e-06,8.629071613459879e-06,0.0,8.629071613459879e-06
664,8.874293834935365e-06,8.874293834935365e-06,8.874293834935365e-06,0.0,8.874293834935365e-06
665,8.87348050951504e-06,8.87348050951504e-06,8.87348050951504e-06,0.0,8.87348050951504e-06
666,8.6691329384666e-06,8.6691329384666e-06,8.6691329384666e-06,0.0,8.6691329384666e-06
667,8.66734049029286e-06,8.66734049029286e-06,8.66734049029286e-06,0.0,8.66734049029286e-06
668,8.72135315893386e-06,8.72135315893386e-06,8.72135315893386e-06,0.0,8.72135315893386e-06
669,8.906293706293707e-06,8.906293706293707e-06,8.906293706293707e-06,0.0,8.906293706293707e-06
670,8.917314427312777e-06,8.917314427312777e-06,8.917314427312777e-06,0.0,8.917314427312777e-06
671,8.827746051332676e-06,8.827746051332676e-06,8.827746051332676e-06,0.0,8.827746051332676e-06
672,9.333124745282184e-06,9.333124745282184e-06,9.333124745282184e-06,0.0,9.333124745282184e-06
673,9.441740181268882e-06,9.441740181268882e-06,9.441740181268882e-06,0.0,9.441740181268882e-06
674,9.364833420123821e-06,9.364833420123821e-06,9.364833420123821e-06,0.0,9.364833420123821e-06
675,8.878272993607956e-06,8.878272993607956e-06,8.878272993607956e-06,0.0,8.878272993607956e-06
676,1.0150842845014621e-05,1.0150842845014621e-05,1.0150842845014621e-05,0.0,1.0150842845014621e-05
677,8.895431989924432e-06,8.895431989924432e-06,8.895431989924432e-06,0.0,8.895431989924432e-06
678,8.90572057042176e-06,8.90572057042176e-06,8.90572057042176e-06,0.0,8.90572057042176e-06
679,8.830442436208992e-06,8.830442436208992e-06,8.830442436208992e-06,0.0,8.830442436208992e-06
680,9.027963564334337e-06,9.027963564334337e-06,9.027963564334337e-06,0.0,9.027963564334337e-06
681,9.026548371174729e-06,9.026548371174729e-06,9.026548371174729e-06,0.0,9.026548371174729e-06
682,8.910920033066961e-06,8.910920033066961e-06,8.910920033066961e-06,0.0,8.910920033066961e-06
683,9.190530869641912e-06,9.190530869641912e-06,9.190530869641912e-06,0.0,9.190530869641912e-06
684,9.180620023033893e-06,9.180620023033893e-06,9.180620023033893e-06,0.0,9.180620023033893e-06
685,9.278289261846902e-06,9.278289261846902e-06,9.278289261846902e-06,0.0,9.278289261846902e-06
686,8.885946398511561e-06,8.885946398511561e-06,8.885946398511561e-06,0.0,8.885946398511561e-06
687,9.315490638099674e-06,9.315490638099674e-06,9.315490638099674e-06,0.0,9.315490638099674e-06
688,0.00011094317002881844,0.00011094317002881844,0.00011094317002881844,0.0,0.00011094317002881844
689,8.709923023397407e-06,8.709923023397407e-06,8.709923023397407e-06,0.0,8.709923023397407e-06
690,9.36831681498829e-06,9.36831681498829e-06,9.36831681498829e-06,0.0,9.36831681498829e-06
691,0.00011085739812814976,0.00011085739812814976,0.00011085739812814976,0.0,0.00011085739812814976
692,0.0001107991386704789,0.0001107991386704789,0.0001107991386704789,0.0,0.0001107991386704789
693,0.00011062302741702743,0.00011062302741702743,0.00011062302741702743,0.0,0.00011062302741702743
694,9.77622450712197e-06,9.77622450712197e-06,9.77622450712197e-06,0.0,9.77622450712197e-06
695,9.335552648897663e-06,9.335552648897663e-06,9.335552648897663e-06,0.0,9.335552648897663e-06
696,1.0207685761865112e-05,1.0207685761865112e-05,1.0207685761865112e-05,0.0,1.0207685761865112e-05
697,9.35026546561369e-06,9.35026546561369e-06,9.35026546561369e-06,0.0,9.35026546561369e-06
698,9.381134181370537e-06,9.381134181370537e-06,9.381134181370537e-06,0.0,9.381134181370537e-06
699,1.30513591362803e-05,1.30513591362803e-05,1.30513591362803e-05,0.0,1.30513591362803e-05
700,10000000000.0,10000000000,10000000000,0.0,10000000000
701,10000000000.0,10000000000,10000000000,0.0,10000000000
702,5.651178305471125e-05,5.651178305471125e-05,5.651178305471125e-05,0.0,5.651178305471125e-05
703,5.1167924469195965e-05,5.1167924469195965e-05,5.1167924469195965e-05,0.0,5.1167924469195965e-05
704,2.318847853381936e-05,2.318847853381936e-05,2.318847853381936e-05,0.0,2.318847853381936e-05
705,8.85890354295837e-06,8.85890354295837e-06,8.85890354295837e-06,0.0,8.85890354295837e-06
706,8.454636311286608e-06,8.454636311286608e-06,8.454636311286608e-06,0.0,8.454636311286608e-06
707,7.843726643431116e-06,7.843726643431116e-06,7.843726643431116e-06,0.0,7.843726643431116e-06
708,7.983047159781288e-06,7.983047159781288e-06,7.983047159781288e-06,0.0,7.983047159781288e-06
709,8.974320664692332e-06,8.974320664692332e-06,8.974320664692332e-06,0.0,8.974320664692332e-06
710,8.487255100361962e-06,8.487255100361962e-06,8.487255100361962e-06,0.0,8.487255100361962e-06
711,8.171501674973445e-06,8.171501674973445e-06,8.171501674973445e-06,0.0,8.171501674973445e-06
712,8.402107077764277e-06,8.402107077764277e-06,8.402107077764277e-06,0.0,8.402107077764277e-06
713,7.996423664122138e-06,7.996423664122138e-06,7.996423664122138e-06,0.0,7.996423664122138e-06
714,8.274177711590964e-06,8.274177711590964e-06,8.274177711590964e-06,0.0,8.274177711590964e-06
715,9.07383547443962e-06,9.07383547443962e-06,9.07383547443962e-06,0.0,9.07383547443962e-06
716,8.870821431739555e-06,8.870821431739555e-06,8.870821431739555e-06,0.0,8.870821431739555e-06
717,1.5164545685586348e-05,1.5164545685586348e-05,1.5164545685586348e-05,0.0,1.5164545685586348e-05
718,8.980217176702862e-06,8.980217176702862e-06,8.980217176702862e-06,0.0,8.980217176702862e-06
719,8.86895073542442e-06,8.86895073542442e-06,8.86895073542442e-06,0.0,8.86895073542442e-06
720,8.321011163426488e-06,8.321011163426488e-06,8.321011163426488e-06,0.0,8.321011163426488e-06
721,8.299290309106098e-06,8.299290309106098e-06,8.299290309106098e-06,0.0,8.299290309106098e-06
722,8.300041820135052e-06,8.300041820135052e-06,8.300041820135052e-06,0.0,8.300041820135052e-06
723,8.759973520333568e-06,8.759973520333568e-06,8.759973520333568e-06,0.0,8.759973520333568e-06
724,8.892065344950212e-06,8.892065344950212e-06,8.892065344950212e-06,0.0,8.892065344950212e-06
725,10000000000.0,10000000000,10000000000,0.0,10000000000
726,10000000000.0,10000000000,10000000000,0.0,10000000000
727,8.75943370291616e-06,8.75943370291616e-06,8.75943370291616e-06,0.0,8.75943370291616e-06
728,8.909807211836626e-06,8.909807211836626e-06,8.909807211836626e-06,0.0,8.909807211836626e-06
729,8.908951793353076e-06,8.908951793353076e-06,8.908951793353076e-06,0.0,8.908951793353076e-06
730,9.197219810401347e-06,9.197219810401347e-06,9.197219810401347e-06,0.0,9.197219810401347e-06
731,8.89195618165249e-06,8.89195618165249e-06,8.89195618165249e-06,0.0,8.89195618165249e-06
732,10000000000.0,10000000000,10000000000,0.0,10000000000
733,2.0331141837509493e-05,2.0331141837509493e-05,2.0331141837509493e-05,0.0,2.0331141837509493e-05
734,2.0235034550839093e-05,2.0235034550839093e-05,2.0235034550839093e-05,0.0,2.0235034550839093e-05
735,9.013288890889448e-06,9.013288890889448e-06,9.013288890889448e-06,0.0,9.013288890889448e-06
736,9.034678858610676e-06,9.034678858610676e-06,9.034678858610676e-06,0.0,9.034678858610676e-06
737,8.754072197867618e-06,8.754072197867618e-06,8.754072197867618e-06,0.0,8.754072197867618e-06
738,8.755311368871338e-06,8.755311368871338e-06,8.755311368871338e-06,0.0,8.755311368871338e-06
739,8.765864271781534e-06,8.765864271781534e-06,8.765864271781534e-06,0.0,8.765864271781534e-06
740,9.003025274174692e-06,9.003025274174692e-06,9.003025274174692e-06,0.0,9.003025274174692e-06
741,2.0329882362619285e-05,2.0329882362619285e-05,2.0329882362619285e-05,0.0,2.0329882362619285e-05
742,1.902053973923915e-05,1.902053973923915e-05,1.902053973923915e-05,0.0,1.902053973923915e-05
743,1.0953414795870039e-05,1.0953414795870039e-05,1.0953414795870039e-05,0.0,1.0953414795870039e-05
744,9.769025723084354e-06,9.769025723084354e-06,9.769025723084354e-06,0.0,9.769025723084354e-06
745,9.769596792770444e-06,9.769596792770444e-06,9.769596792770444e-06,0.0,9.769596792770444e-06
746,9.768707853096307e-06,9.768707853096307e-06,9.768707853096307e-06,0.0,9.768707853096307e-06
747,10000000000.0,10000000000,10000000000,0.0,10000000000
748,10000000000.0,10000000000,10000000000,0.0,10000000000
749,1.907096977980258e-05,1.907096977980258e-05,1.907096977980258e-05,0.0,1.907096977980258e-05
750,8.969942991115498e-06,8.969942991115498e-06,8.969942991115498e-06,0.0,8.969942991115498e-06
751,9.059864357225127e-06,9.059864357225127e-06,9.059864357225127e-06,0.0,9.059864357225127e-06
752,9.31291807886253e-06,9.31291807886253e-06,9.31291807886253e-06,0.0,9.31291807886253e-06
753,1.1070520518981259e-05,1.1070520518981259e-05,1.1070520518981259e-05,0.0,1.1070520518981259e-05
754,9.254838986013987e-06,9.254838986013987e-06,9.254838986013987e-06,0.0,9.254838986013987e-06
755,1.1124638838084992e-05,1.1124638838084992e-05,1.1124638838084992e-05,0.0,1.1124638838084992e-05
756,1.1123096611081228e-05,1.1123096611081228e-05,1.1123096611081228e-05,0.0,1.1123096611081228e-05
757,9.378304952600336e-06,9.378304952600336e-06,9.378304952600336e-06,0.0,9.378304952600336e-06
758,10000000000.0,10000000000,10000000000,0.0,10000000000
759,9.472108954137345e-06,9.472108954137345e-06,9.472108954137345e-06,0.0,9.472108954137345e-06
760,3.6896108689875094e-05,3.6896108689875094e-05,3.6896108689875094e-05,0.0,3.6896108689875094e-05
761,3.686481663566304e-05,3.686481663566304e-05,3.686481663566304e-05,0.0,3.686481663566304e-05
762,8.814403015130075e-06,8.814403015130075e-06,8.814403015130075e-06,0.0,8.814403015130075e-06
763,3.681261946433307e-05,3.681261946433307e-05,3.681261946433307e-05,0.0,3.681261946433307e-05
764,3.6737999735379724e-05,3.6737999735379724e-05,3.6737999735379724e-05,0.0,3.6737999735379724e-05
765,3.670736843607306e-05,3.670736843607306e-05,3.670736843607306e-05,0.0,3.670736843607306e-05
766,7.011777538185085e-05,7.011777538185085e-05,7.011777538185085e-05,0.0,7.011777538185085e-05
767,1.2570883916083917e-05,1.2570883916083917e-05,1.2570883916083917e-05,0.0,1.2570883916083917e-05
768,5.320903591749644e-05,5.320903591749644e-05,5.320903591749644e-05,0.0,5.320903591749644e-05
769,8.28177014817492e-06,8.28177014817492e-06,8.28177014817492e-06,0.0,8.28177014817492e-06
770,7.97190125029864e-06,7.97190125029864e-06,7.97190125029864e-06,0.0,7.97190125029864e-06
771,7.996551015512555e-06,7.996551015512555e-06,7.996551015512555e-06,0.0,7.996551015512555e-06
772,8.31309840425532e-06,8.31309840425532e-06,8.31309840425532e-06,0.0,8.31309840425532e-06
773,8.686549194089993e-06,8.686549194089993e-06,8.686549194089993e-06,0.0,8.686549194089993e-06
774,8.3448997330664e-06,8.3448997330664e-06,8.3448997330664e-06,0.0,8.3448997330664e-06
775,8.876351102336296e-06,8.876351102336296e-06,8.876351102336296e-06,0.0,8.876351102336296e-06
776,8.188179381757271e-06,8.188179381757271e-06,8.188179381757271e-06,0.0,8.188179381757271e-06
777,8.329744461102783e-06,8.329744461102783e-06,8.329744461102783e-06,0.0,8.329744461102783e-06
778,9.244214160273594e-06,9.244214160273594e-06,9.244214160273594e-06,0.0,9.244214160273594e-06
779,8.598107204264098e-06,8.598107204264098e-06,8.598107204264098e-06,0.0,8.598107204264098e-06
780,8.351126028298783e-06,8.351126028298783e-06,8.351126028298783e-06,0.0,8.351126028298783e-06
781,8.482177014419e-06,8.482177014419e-06,8.482177014419e-06,0.0,8.482177014419e-06
782,8.873992513984864e-06,8.873992513984864e-06,8.873992513984864e-06,0.0,8.873992513984864e-06
783,9.086264817932134e-06,9.086264817932134e-06,9.086264817932134e-06,0.0,9.086264817932134e-06
784,2.4574892424242424e-05,2.4574892424242424e-05,2.4574892424242424e-05,0.0,2.4574892424242424e-05
785,8.978030304730906e-06,8.978030304730906e-06,8.978030304730906e-06,0.0,8.978030304730906e-06
786,8.760256877693073e-06,8.760256877693073e-06,8.760256877693073e-06,0.0,8.760256877693073e-06
787,9.029792378082803e-06,9.029792378082803e-06,9.029792378082803e-06,0.0,9.029792378082803e-06
788,8.897105519624346e-06,8.897105519624346e-06,8.897105519624346e-06,0.0,8.897105519624346e-06
789,9.313182764363031e-06,9.313182764363031e-06,9.313182764363031e-06,0.0,9.313182764363031e-06
790,9.314298206646924e-06,9.314298206646924e-06,9.314298206646924e-06,0.0,9.314298206646924e-06
791,9.702669085457272e-06,9.702669085457272e-06,9.702669085457272e-06,0.0,9.702669085457272e-06
792,10000000000.0,10000000000,10000000000,0.0,10000000000
793,9.311300495814027e-06,9.311300495814027e-06,9.311300495814027e-06,0.0,9.311300495814027e-06
794,9.42996487331359e-06,9.42996487331359e-06,9.42996487331359e-06,0.0,9.42996487331359e-06
795,9.692913831540176e-06,9.692913831540176e-06,9.692913831540176e-06,0.0,9.692913831540176e-06
796,1.1266421396396397e-05,1.1266421396396397e-05,1.1266421396396397e-05,0.0,1.1266421396396397e-05
797,10000000000.0,10000000000,10000000000,0.0,10000000000
798,10000000000.0,10000000000,10000000000,0.0,10000000000
799,10000000000.0,10000000000,10000000000,0.0,10000000000
800,9.615633040673714e-06,9.615633040673714e-06,9.615633040673714e-06,0.0,9.615633040673714e-06
801,10000000000.0,10000000000,10000000000,0.0,10000000000
802,10000000000.0,10000000000,10000000000,0.0,10000000000
803,1.0957679359666572e-05,1.0957679359666572e-05,1.0957679359666572e-05,0.0,1.0957679359666572e-05
804,1.1395784629404618e-05,1.1395784629404618e-05,1.1395784629404618e-05,0.0,1.1395784629404618e-05
805,1.0954688108766234e-05,1.0954688108766234e-05,1.0954688108766234e-05,0.0,1.0954688108766234e-05
806,9.463997120763408e-06,9.463997120763408e-06,9.463997120763408e-06,0.0,9.463997120763408e-06
807,9.63062177726588e-06,9.63062177726588e-06,9.63062177726588e-06,0.0,9.63062177726588e-06
808,9.736438579836719e-06,9.736438579836719e-06,9.736438579836719e-06,0.0,9.736438579836719e-06
809,1.1387699838622915e-05,1.1387699838622915e-05,1.1387699838622915e-05,0.0,1.1387699838622915e-05
810,1.1926176671602689e-05,1.1926176671602689e-05,1.1926176671602689e-05,0.0,1.1926176671602689e-05
811,1.1280278351559335e-05,1.1280278351559335e-05,1.1280278351559335e-05,0.0,1.1280278351559335e-05
812,1.1367774721119305e-05,1.1367774721119305e-05,1.1367774721119305e-05,0.0,1.1367774721119305e-05
813,1.1408330295666263e-05,1.1408330295666263e-05,1.1408330295666263e-05,0.0,1.1408330295666263e-05
814,1.0956056768558953e-05,1.0956056768558953e-05,1.0956056768558953e-05,0.0,1.0956056768558953e-05
815,1.0997355705335107e-05,1.0997355705335107e-05,1.0997355705335107e-05,0.0,1.0997355705335107e-05
816,1.0956758807045636e-05,1.0956758807045636e-05,1.0956758807045636e-05,0.0,1.0956758807045636e-05
817,10000000000.0,10000000000,10000000000,0.0,10000000000
818,1.1087467405764967e-05,1.1087467405764967e-05,1.1087467405764967e-05,0.0,1.1087467405764967e-05
819,1.1089392871607939e-05,1.1089392871607939e-05,1.1089392871607939e-05,0.0,1.1089392871607939e-05
820,8.971113410852713e-06,8.971113410852713e-06,8.971113410852713e-06,0.0,8.971113410852713e-06
821,9.324306990342873e-06,9.324306990342873e-06,9.324306990342873e-06,0.0,9.324306990342873e-06
822,9.201158358012505e-06,9.201158358012505e-06,9.201158358012505e-06,0.0,9.201158358012505e-06
823,1.1254457121340488e-05,1.1254457121340488e-05,1.1254457121340488e-05,0.0,1.1254457121340488e-05
824,1.096217061563386e-05,1.096217061563386e-05,1.096217061563386e-05,0.0,1.096217061563386e-05
825,1.591234365448505e-05,1.591234365448505e-05,1.591234365448505e-05,0.0,1.591234365448505e-05
826,9.778121586048043e-06,9.778121586048043e-06,9.778121586048043e-06,0.0,9.778121586048043e-06
827,1.0932309740785744e-05,1.0932309740785744e-05,1.0932309740785744e-05,0.0,1.0932309740785744e-05
828,1.0958720955020251e-05,1.0958720955020251e-05,1.0958720955020251e-05,0.0,1.0958720955020251e-05
829,9.43917305524239e-06,9.43917305524239e-06,9.43917305524239e-06,0.0,9.43917305524239e-06
830,2.6736684778344447e-05,2.6736684778344447e-05,2.6736684778344447e-05,0.0,2.6736684778344447e-05
831,3.173634787680821e-05,3.173634787680821e-05,3.173634787680821e-05,0.0,3.173634787680821e-05
832,3.9259891116680586e-05,3.9259891116680586e-05,3.9259891116680586e-05,0.0,3.9259891116680586e-05
833,9.000349643580041e-06,9.000349643580041e-06,9.000349643580041e-06,0.0,9.000349643580041e-06
834,8.332186733403001e-06,8.332186733403001e-06,8.332186733403001e-06,0.0,8.332186733403001e-06
835,10000000000.0,10000000000,10000000000,0.0,10000000000
836,8.724763061968409e-06,8.724763061968409e-06,8.724763061968409e-06,0.0,8.724763061968409e-06
837,8.948038730255165e-06,8.948038730255165e-06,8.948038730255165e-06,0.0,8.948038730255165e-06
838,10000000000.0,10000000000,10000000000,0.0,10000000000
839,10000000000.0,10000000000,10000000000,0.0,10000000000
840,10000000000.0,10000000000,10000000000,0.0,10000000000
841,10000000000.0,10000000000,10000000000,0.0,10000000000
842,10000000000.0,10000000000,10000000000,0.0,10000000000
843,8.876511561973954e-06,8.876511561973954e-06,8.876511561973954e-06,0.0,8.876511561973954e-06
844,9.078190661823337e-06,9.078190661823337e-06,9.078190661823337e-06,0.0,9.078190661823337e-06
845,9.127847502536927e-06,9.127847502536927e-06,9.127847502536927e-06,0.0,9.127847502536927e-06
846,9.534985027022238e-06,9.534985027022238e-06,9.534985027022238e-06,0.0,9.534985027022238e-06
847,9.490485347179443e-06,9.490485347179443e-06,9.490485347179443e-06,0.0,9.490485347179443e-06
848,10000000000.0,10000000000,10000000000,0.0,10000000000
849,10000000000.0,10000000000,10000000000,0.0,10000000000
850,8.81863689269024e-06,8.81863689269024e-06,8.81863689269024e-06,0.0,8.81863689269024e-06
851,9.713017960399508e-06,9.713017960399508e-06,9.713017960399508e-06,0.0,9.713017960399508e-06
852,10000000000.0,10000000000,10000000000,0.0,10000000000
853,10000000000.0,10000000000,10000000000,0.0,10000000000
854,10000000000.0,10000000000,10000000000,0.0,10000000000
855,9.590658099165626e-06,9.590658099165626e-06,9.590658099165626e-06,0.0,9.590658099165626e-06
856,10000000000.0,10000000000,10000000000,0.0,10000000000
857,10000000000.0,10000000000,10000000000,0.0,10000000000
858,10000000000.0,10000000000,10000000000,0.0,10000000000
859,10000000000.0,10000000000,10000000000,0.0,10000000000
860,10000000000.0,10000000000,10000000000,0.0,10000000000
861,10000000000.0,10000000000,10000000000,0.0,10000000000
862,10000000000.0,10000000000,10000000000,0.0,10000000000
863,10000000000.0,10000000000,10000000000,0.0,10000000000
864,10000000000.0,10000000000,10000000000,0.0,10000000000
865,10000000000.0,10000000000,10000000000,0.0,10000000000
866,10000000000.0,10000000000,10000000000,0.0,10000000000
867,10000000000.0,10000000000,10000000000,0.0,10000000000
868,9.389195966228894e-06,9.389195966228894e-06,9.389195966228894e-06,0.0,9.389195966228894e-06
869,10000000000.0,10000000000,10000000000,0.0,10000000000
870,10000000000.0,10000000000,10000000000,0.0,10000000000
871,10000000000.0,10000000000,10000000000,0.0,10000000000
872,10000000000.0,10000000000,10000000000,0.0,10000000000
873,10000000000.0,10000000000,10000000000,0.0,10000000000
874,10000000000.0,10000000000,10000000000,0.0,10000000000
875,9.661667837386952e-06,9.661667837386952e-06,9.661667837386952e-06,0.0,9.661667837386952e-06
876,10000000000.0,10000000000,10000000000,0.0,10000000000
877,10000000000.0,10000000000,10000000000,0.0,10000000000
878,9.524824133959422e-06,9.524824133959422e-06,9.524824133959422e-06,0.0,9.524824133959422e-06
879,10000000000.0,10000000000,10000000000,0.0,10000000000
880,10000000000.0,10000000000,10000000000,0.0,10000000000
881,10000000000.0,10000000000,10000000000,0.0,10000000000
882,10000000000.0,10000000000,10000000000,0.0,10000000000
883,10000000000.0,10000000000,10000000000,0.0,10000000000
884,9.492128188550605e-06,9.492128188550605e-06,9.492128188550605e-06,0.0,9.492128188550605e-06
885,10000000000.0,10000000000,10000000000,0.0,10000000000
886,10000000000.0,10000000000,10000000000,0.0,10000000000
887,10000000000.0,10000000000,10000000000,0.0,10000000000
888,10000000000.0,10000000000,10000000000,0.0,10000000000
889,9.680072716916651e-06,9.680072716916651e-06,9.680072716916651e-06,0.0,9.680072716916651e-06
890,10000000000.0,10000000000,10000000000,0.0,10000000000
891,10000000000.0,10000000000,10000000000,0.0,10000000000
892,9.784733098522649e-06,9.784733098522649e-06,9.784733098522649e-06,0.0,9.784733098522649e-06
893,9.675933978719693e-06,9.675933978719693e-06,9.675933978719693e-06,0.0,9.675933978719693e-06
894,0.00016762694261424017,0.00016762694261424017,0.00016762694261424017,0.0,0.00016762694261424017
895,5.8899693290734825e-05,5.8899693290734825e-05,5.8899693290734825e-05,0.0,5.8899693290734825e-05
896,10000000000.0,10000000000,10000000000,0.0,10000000000
897,8.510099804305284e-06,8.510099804305284e-06,8.510099804305284e-06,0.0,8.510099804305284e-06
898,9.086565457132692e-06,9.086565457132692e-06,9.086565457132692e-06,0.0,9.086565457132692e-06
899,10000000000.0,10000000000,10000000000,0.0,10000000000
900,9.138340303003455e-06,9.138340303003455e-06,9.138340303003455e-06,0.0,9.138340303003455e-06
901,9.132715779215027e-06,9.132715779215027e-06,9.132715779215027e-06,0.0,9.132715779215027e-06
902,9.370865508992647e-06,9.370865508992647e-06,9.370865508992647e-06,0.0,9.370865508992647e-06
903,9.548375465393794e-06,9.548375465393794e-06,9.548375465393794e-06,0.0,9.548375465393794e-06
904,3.0341363714902807e-05,3.0341363714902807e-05,3.0341363714902807e-05,0.0,3.0341363714902807e-05
905,10000000000.0,10000000000,10000000000,0.0,10000000000
906,10000000000.0,10000000000,10000000000,0.0,10000000000
907,9.366382598108084e-06,9.366382598108084e-06,9.366382598108084e-06,0.0,9.366382598108084e-06
908,10000000000.0,10000000000,10000000000,0.0,10000000000
909,10000000000.0,10000000000,10000000000,0.0,10000000000
910,9.781855763267476e-06,9.781855763267476e-06,9.781855763267476e-06,0.0,9.781855763267476e-06
911,9.405235935146629e-06,9.405235935146629e-06,9.405235935146629e-06,0.0,9.405235935146629e-06
912,10000000000.0,10000000000,10000000000,0.0,10000000000
913,10000000000.0,10000000000,10000000000,0.0,10000000000
914,10000000000.0,10000000000,10000000000,0.0,10000000000
915,10000000000.0,10000000000,10000000000,0.0,10000000000
916,9.633295888464613e-06,9.633295888464613e-06,9.633295888464613e-06,0.0,9.633295888464613e-06
917,10000000000.0,10000000000,10000000000,0.0,10000000000
918,10000000000.0,10000000000,10000000000,0.0,10000000000
919,9.410798883656025e-06,9.410798883656025e-06,9.410798883656025e-06,0.0,9.410798883656025e-06
920,10000000000.0,10000000000,10000000000,0.0,10000000000
921,10000000000.0,10000000000,10000000000,0.0,10000000000
922,10000000000.0,10000000000,10000000000,0.0,10000000000
923,1.0127626447693183e-05,1.0127626447693183e-05,1.0127626447693183e-05,0.0,1.0127626447693183e-05
924,9.935150692132469e-06,9.935150692132469e-06,9.935150692132469e-06,0.0,9.935150692132469e-06
925,9.936303493449782e-06,9.936303493449782e-06,9.936303493449782e-06,0.0,9.936303493449782e-06
926,10000000000.0,10000000000,10000000000,0.0,10000000000
927,1.0073614385010577e-05,1.0073614385010577e-05,1.0073614385010577e-05,0.0,1.0073614385010577e-05
928,10000000000.0,10000000000,10000000000,0.0,10000000000
929,2.0830807454401273e-05,2.0830807454401273e-05,2.0830807454401273e-05,0.0,2.0830807454401273e-05
930,9.861681491981925e-06,9.861681491981925e-06,9.861681491981925e-06,0.0,9.861681491981925e-06
931,9.934467670286278e-06,9.934467670286278e-06,9.934467670286278e-06,0.0,9.934467670286278e-06
932,9.854288186324946e-06,9.854288186324946e-06,9.854288186324946e-06,0.0,9.854288186324946e-06
933,10000000000.0,10000000000,10000000000,0.0,10000000000
934,10000000000.0,10000000000,10000000000,0.0,10000000000
935,9.62787431175242e-06,9.62787431175242e-06,9.62787431175242e-06,0.0,9.62787431175242e-06
936,1.0239485280819853e-05,1.0239485280819853e-05,1.0239485280819853e-05,0.0,1.0239485280819853e-05
937,10000000000.0,10000000000,10000000000,0.0,10000000000
938,1.0081451775204102e-05,1.0081451775204102e-05,1.0081451775204102e-05,0.0,1.0081451775204102e-05
939,9.130447240187827e-06,9.130447240187827e-06,9.130447240187827e-06,0.0,9.130447240187827e-06
940,10000000000.0,10000000000,10000000000,0.0,10000000000
941,10000000000.0,10000000000,10000000000,0.0,10000000000
942,10000000000.0,10000000000,10000000000,0.0,10000000000
943,10000000000.0,10000000000,10000000000,0.0,10000000000
944,9.884701158154548e-06,9.884701158154548e-06,9.884701158154548e-06,0.0,9.884701158154548e-06
945,10000000000.0,10000000000,10000000000,0.0,10000000000
946,8.30004673534313e-06,8.30004673534313e-06,8.30004673534313e-06,0.0,8.30004673534313e-06
947,9.457523858726281e-06,9.457523858726281e-06,9.457523858726281e-06,0.0,9.457523858726281e-06
948,8.30437372490951e-06,8.30437372490951e-06,8.30437372490951e-06,0.0,8.30437372490951e-06
949,10000000000.0,10000000000,10000000000,0.0,10000000000
950,9.976720921954259e-06,9.976720921954259e-06,9.976720921954259e-06,0.0,9.976720921954259e-06
951,1.095652135556751e-05,1.095652135556751e-05,1.095652135556751e-05,0.0,1.095652135556751e-05
952,9.245383006999202e-06,9.245383006999202e-06,9.245383006999202e-06,0.0,9.245383006999202e-06
953,9.865389061642583e-06,9.865389061642583e-06,9.865389061642583e-06,0.0,9.865389061642583e-06
954,8.831594463252155e-06,8.831594463252155e-06,8.831594463252155e-06,0.0,8.831594463252155e-06
955,8.597655949105916e-06,8.597655949105916e-06,8.597655949105916e-06,0.0,8.597655949105916e-06
956,1.0342480956133437e-05,1.0342480956133437e-05,1.0342480956133437e-05,0.0,1.0342480956133437e-05
957,9.124860115431348e-06,9.124860115431348e-06,9.124860115431348e-06,0.0,9.124860115431348e-06
958,4.1377886389521644e-05,4.1377886389521644e-05,4.1377886389521644e-05,0.0,4.1377886389521644e-05
959,10000000000.0,10000000000,10000000000,0.0,10000000000
960,6.983005761124123e-05,6.983005761124123e-05,6.983005761124123e-05,0.0,6.983005761124123e-05
961,9.072903780846729e-06,9.072903780846729e-06,9.072903780846729e-06,0.0,9.072903780846729e-06
962,8.277779040016376e-06,8.277779040016376e-06,8.277779040016376e-06,0.0,8.277779040016376e-06
963,8.550349539322146e-06,8.550349539322146e-06,8.550349539322146e-06,0.0,8.550349539322146e-06
964,8.080262095145789e-06,8.080262095145789e-06,8.080262095145789e-06,0.0,8.080262095145789e-06
965,10000000000.0,10000000000,10000000000,0.0,10000000000
966,8.069512985965479e-06,8.069512985965479e-06,8.069512985965479e-06,0.0,8.069512985965479e-06
967,9.1975827943652e-06,9.1975827943652e-06,9.1975827943652e-06,0.0,9.1975827943652e-06
968,8.587702253448719e-06,8.587702253448719e-06,8.587702253448719e-06,0.0,8.587702253448719e-06
969,8.414171095740809e-06,8.414171095740809e-06,8.414171095740809e-06,0.0,8.414171095740809e-06
970,8.334593323373346e-06,8.334593323373346e-06,8.334593323373346e-06,0.0,8.334593323373346e-06
971,8.185856470230863e-06,8.185856470230863e-06,8.185856470230863e-06,0.0,8.185856470230863e-06
972,8.620431402964496e-06,8.620431402964496e-06,8.620431402964496e-06,0.0,8.620431402964496e-06
973,7.859635555893074e-06,7.859635555893074e-06,7.859635555893074e-06,0.0,7.859635555893074e-06
974,8.14627437727825e-06,8.14627437727825e-06,8.14627437727825e-06,0.0,8.14627437727825e-06
975,8.010164584334454e-06,8.010164584334454e-06,8.010164584334454e-06,0.0,8.010164584334454e-06
976,8.010314802947773e-06,8.010314802947773e-06,8.010314802947773e-06,0.0,8.010314802947773e-06
977,8.937575002209849e-06,8.937575002209849e-06,8.937575002209849e-06,0.0,8.937575002209849e-06
978,8.307222095486394e-06,8.307222095486394e-06,8.307222095486394e-06,0.0,8.307222095486394e-06
979,8.302818955042527e-06,8.302818955042527e-06,8.302818955042527e-06,0.0,8.302818955042527e-06
980,9.11440885159592e-06,9.11440885159592e-06,9.11440885159592e-06,0.0,9.11440885159592e-06
981,8.08324142619731e-06,8.08324142619731e-06,8.08324142619731e-06,0.0,8.08324142619731e-06
982,8.407370208473438e-06,8.407370208473438e-06,8.407370208473438e-06,0.0,8.407370208473438e-06
983,8.483024925962488e-06,8.483024925962488e-06,8.483024925962488e-06,0.0,8.483024925962488e-06
984,9.034156806069912e-06,9.034156806069912e-06,9.034156806069912e-06,0.0,9.034156806069912e-06
985,9.031257915014799e-06,9.031257915014799e-06,9.031257915014799e-06,0.0,9.031257915014799e-06
986,10000000000.0,10000000000,10000000000,0.0,10000000000
987,8.963201052977954e-06,8.963201052977954e-06,8.963201052977954e-06,0.0,8.963201052977954e-06
988,8.489192579795985e-06,8.489192579795985e-06,8.489192579795985e-06,0.0,8.489192579795985e-06
989,8.609749696233292e-06,8.609749696233292e-06,8.609749696233292e-06,0.0,8.609749696233292e-06
990,8.499565612782594e-06,8.499565612782594e-06,8.499565612782594e-06,0.0,8.499565612782594e-06
991,8.743236733980242e-06,8.743236733980242e-06,8.743236733980242e-06,0.0,8.743236733980242e-06
992,8.828418218730691e-06,8.828418218730691e-06,8.828418218730691e-06,0.0,8.828418218730691e-06
993,10000000000.0,10000000000,10000000000,0.0,10000000000
994,10000000000.0,10000000000,10000000000,0.0,10000000000
995,10000000000.0,10000000000,10000000000,0.0,10000000000
996,9.583936111638504e-06,9.583936111638504e-06,9.583936111638504e-06,0.0,9.583936111638504e-06
997,8.349017215530165e-06,8.349017215530165e-06,8.349017215530165e-06,0.0,8.349017215530165e-06
998,8.17977171601505e-06,8.17977171601505e-06,8.17977171601505e-06,0.0,8.17977171601505e-06
999,2.192699202551834e-05,2.192699202551834e-05,2.192699202551834e-05,0.0,2.192699202551834e-05
1000,5.010970379394361e-05,5.010970379394361e-05,5.010970379394361e-05,0.0,5.010970379394361e-05
