layer,config_id,predicted_gflops,real_gflops
layer_10,0,17591.13,2019.6087
layer_10,1,19424.016,1596.7849
layer_10,2,18048.188,1492.3888
layer_10,3,19108.586,1350.9823
layer_10,4,18081.252,1029.8579
layer_10,5,19108.146,1717.5331
layer_10,6,17087.332,1817.8712
layer_10,7,17087.332,2523.2627
layer_10,8,6466.0015,809.9816
layer_10,9,19108.146,395.1221
layer_10,10,17723.412,0.0
layer_10,11,6837.2134,836.3773
layer_10,12,19346.682,1200.3279
layer_10,13,19346.682,942.7024
layer_10,14,17591.13,1816.625
layer_10,15,18898.963,1043.8624
layer_10,16,6386.8755,863.018
layer_10,17,20235.225,1110.5167
layer_10,18,18022.803,639.2654
layer_10,19,18149.096,2302.9675
layer_10,20,6965.2476,1154.1184
layer_10,21,19571.22,345.9869
layer_10,22,17262.537,0.0
layer_10,23,19209.133,1598.6507
layer_10,24,19209.133,2321.6073
layer_10,25,19209.133,0.0
layer_10,26,19498.988,334.5453
layer_10,27,6466.0015,0.0
layer_10,28,19498.988,399.5829
layer_10,29,18479.86,1184.111
layer_10,30,17262.537,187.8476
layer_10,31,13700.105,903.0806
layer_10,32,19108.146,1747.5028
layer_10,33,17977.291,188.2033
layer_10,34,19108.146,396.4797
layer_10,35,19209.133,844.2716
layer_10,36,17869.414,670.2738
layer_10,37,19108.146,980.5253
layer_10,38,18818.291,1373.8545
layer_10,39,6486.4673,1035.6785
layer_10,40,17522.094,1945.5067
layer_10,41,18538.95,296.8375
layer_10,42,14757.025,1587.9086
layer_10,43,19346.682,1729.6668
layer_10,44,18538.95,0.0
layer_10,45,19240.867,828.9845
layer_10,46,17087.332,2053.3503
layer_10,47,9589.318,2090.0888
layer_10,48,7064.839,1695.5275
layer_10,49,15720.919,2452.7734
layer_10,50,18716.107,1459.6183
layer_10,51,17520.824,1861.2765
layer_10,52,6345.587,518.8666
layer_10,53,19017.793,1424.4912
layer_10,54,13700.105,1706.3241
layer_10,55,18891.5,0.0
layer_10,56,15720.919,1559.1492
layer_10,57,19498.988,2421.8772
layer_10,58,17099.178,1275.238
layer_10,59,20409.637,2371.8785
layer_10,60,18507.66,380.8873
layer_10,61,15720.919,625.1583
layer_10,62,18500.197,1267.0039
layer_10,63,18507.66,2733.9088
layer_10,64,17099.178,2878.909
layer_10,65,18341.322,337.3973
layer_10,66,9589.318,2513.0421
layer_10,67,19108.586,259.1043
layer_10,68,20409.637,3249.0709
layer_10,69,18818.291,402.5125
layer_10,70,18479.86,921.6415
layer_10,71,18606.152,354.927
layer_10,72,15720.919,2732.6579
layer_10,73,2601.7825,1006.6868
layer_10,74,18792.828,915.4029
layer_10,75,18666.535,2097.838
layer_10,76,18818.291,1508.563
layer_10,77,17129.982,1558.9878
layer_10,78,7063.1553,128.8797
layer_10,79,19346.682,577.9753
layer_10,80,14111.256,994.3772
layer_10,81,18227.254,1043.5003
layer_10,82,19108.146,1921.3813
layer_10,83,19346.682,765.0911
layer_10,84,16631.963,645.096
layer_10,85,6978.0957,1645.0492
layer_10,86,17129.982,1883.9054
layer_10,87,16631.963,346.164
layer_10,88,15421.9795,1649.5291
layer_10,89,15399.669,485.5349
layer_10,90,16631.963,1866.5642
layer_10,91,18818.291,878.2184
layer_10,92,19498.988,973.4771
layer_10,93,19844.385,394.4917
layer_10,94,19498.988,2741.4903
layer_10,95,15399.669,526.7844
layer_10,96,15421.9795,1873.0339
layer_10,97,15399.669,1085.4013
layer_10,98,20758.309,1229.4927
layer_10,99,21714.486,964.5789
layer_10,100,15399.669,199.8342
layer_10,101,20647.191,2267.8361
layer_10,102,19844.385,1323.6615
layer_10,103,13315.53,1615.5302
layer_10,104,6837.2134,1593.7394
layer_10,105,18149.096,409.0678
layer_10,106,6976.413,1415.0467
layer_10,107,16491.344,1799.1574
layer_10,108,19209.133,0.0
layer_10,109,6817.1123,470.0358
layer_10,110,17660.373,611.6691
layer_10,111,20301.6,645.91
layer_10,112,15421.9795,156.2189
layer_10,113,6625.2983,2856.1488
layer_10,114,6345.587,319.4913
layer_10,115,15720.919,729.0635
layer_10,116,19108.146,1278.6663
layer_10,117,13733.671,1617.2258
layer_10,118,18341.322,2094.7037
layer_10,119,20107.463,137.8648
layer_10,120,20107.463,1435.8789
layer_10,121,20107.463,751.7854
layer_10,122,20612.96,2690.1214
layer_10,123,20100.502,1307.0391
layer_10,124,6976.413,1892.9111
layer_10,125,17128.068,1402.9082
layer_10,126,9842.087,157.4831
layer_10,127,20621.885,77.6458
layer_10,128,20100.502,3043.8647
layer_10,129,19108.586,2987.3587
layer_10,130,6625.2983,2896.7248
layer_10,131,18372.611,3215.6122
layer_10,132,20731.076,3256.3288
layer_10,133,20731.076,3068.5004
layer_10,134,2601.7825,3152.2389
layer_10,135,3331.8623,3388.9533
layer_10,136,20268.537,3248.9219
layer_10,137,20647.191,2924.2397
layer_10,138,15421.9795,3002.3765
layer_10,139,19108.146,3043.6123
layer_10,140,18048.188,2914.1926
layer_10,141,19346.682,3039.926
layer_10,142,17129.982,3211.1464
layer_10,143,18626.49,3195.7741
layer_10,144,18500.197,2707.2032
layer_10,145,18818.291,2805.7088
layer_10,146,19498.988,2412.0085
layer_10,147,18372.611,2292.7509
layer_10,148,19017.793,2958.3064
layer_10,149,18891.5,1902.3994
layer_10,150,18716.107,1902.5209
layer_10,151,13700.105,2782.5248
layer_10,152,16396.055,2186.4628
layer_10,153,20773.484,2733.2834
layer_10,154,18716.107,2630.5188
layer_10,155,17087.332,2420.5037
layer_10,156,20452.443,2653.355
layer_10,157,17522.094,2918.201
layer_10,158,15399.669,2315.7775
layer_10,159,13733.671,2315.5627
layer_10,160,14111.256,2684.2287
layer_10,161,20115.836,2256.0392
layer_10,162,19571.22,2947.7591
layer_10,163,18792.828,2739.1193
layer_10,164,17478.174,2653.1878
layer_10,165,6486.4673,2799.4315
layer_10,166,19346.682,2202.1186
layer_10,167,20595.244,2941.6019
layer_10,168,20986.086,2257.0286
layer_10,169,14040.587,2315.7202
layer_10,170,6837.2134,2440.0565
layer_10,171,18655.438,2460.6833
layer_10,172,6625.2983,2343.754
layer_10,173,17591.13,2343.3718
layer_10,174,2705.4587,2860.1877
layer_10,175,18149.096,2717.8645
layer_10,176,17478.174,2717.837
layer_10,177,17527.346,2523.9677
layer_10,178,19046.28,2861.3681
layer_10,179,17869.414,3093.0879
layer_10,180,18335.13,2900.2929
layer_10,181,17977.291,1956.3487
layer_10,182,14182.4795,3456.6819
layer_10,183,21012.727,2652.3202
layer_10,184,15720.919,2652.3561
layer_10,185,21012.727,2731.8372
layer_10,186,17659.924,2759.4459
layer_10,187,21012.727,3116.9019
layer_10,188,16323.324,2302.525
layer_10,189,13733.671,2803.737
layer_10,190,18022.803,897.0875
layer_10,191,17575.924,624.897
layer_10,192,17520.824,3249.7317
layer_10,193,18716.107,2309.2383
layer_10,194,17869.414,2932.9135
layer_10,195,17262.537,3504.4923
layer_10,196,17527.346,3091.9154
layer_10,197,18716.107,3108.0214
layer_10,198,19498.988,2933.4586
layer_10,199,20107.463,3256.2192
layer_10,200,18487.324,3133.8619
layer_10,201,21012.727,3262.3386
layer_10,202,19152.842,2991.5208
layer_10,203,20586.443,2978.6505
layer_10,204,20478.566,3259.296
layer_10,205,16282.023,2955.1648
layer_10,206,20942.984,3017.5443
layer_10,207,18930.252,3253.9102
layer_10,208,16491.344,3080.7625
layer_10,209,16396.055,3014.3351
layer_10,210,21227.828,3044.4962
layer_10,211,18015.234,3135.4511
layer_10,212,14632.861,3039.3413
layer_10,213,14703.53,2492.2635
layer_10,214,15971.457,3317.6964
layer_10,215,14632.861,2267.4042
layer_10,216,21563.088,3119.7915
layer_10,217,3435.5386,3354.3838
layer_10,218,21847.932,2158.4279
layer_10,219,20731.076,2385.6774
layer_10,220,20731.076,3008.3996
layer_10,221,7063.1553,2815.9059
layer_10,222,20222.121,3265.4972
layer_10,223,20100.502,3206.9827
layer_10,224,18595.201,2882.6838
layer_10,225,19668.191,2892.0946
layer_10,226,19108.146,3004.882
layer_10,227,18022.803,2972.2105
layer_10,228,20100.502,2925.1074
layer_10,229,20100.502,3347.9008
layer_10,230,15374.251,3229.1968
layer_10,231,17273.094,3204.5415
layer_10,232,17273.094,3096.4105
layer_10,233,18227.254,2943.0064
layer_10,234,16282.023,3058.0872
layer_10,235,19476.889,2557.6925
layer_10,236,17268.406,3379.6162
layer_10,237,20942.984,3035.9275
layer_10,238,17092.016,3027.9956
layer_10,239,17092.016,2915.6615
layer_10,240,19044.965,3173.9437
layer_10,241,6386.8755,3316.033
layer_10,242,18157.922,3116.1588
layer_10,243,16484.725,3115.8341
layer_10,244,19365.562,2521.0249
layer_10,245,20298.768,3072.0923
layer_10,246,18666.535,2715.9797
layer_10,247,18157.922,3091.6334
layer_10,248,15971.457,2983.9267
layer_10,249,19111.201,3113.266
layer_10,250,15971.457,2517.7395
layer_10,251,15971.457,3290.1495
layer_10,252,19476.889,3513.146
layer_10,253,19346.682,2214.5105
layer_10,254,19184.13,1528.0785
layer_10,255,20115.836,940.9339
layer_10,256,19213.648,3120.4456
layer_10,257,18818.291,3114.1107
layer_10,258,18818.291,3616.7679
layer_10,259,14845.345,3134.6703
layer_10,260,5144.536,3113.9162
layer_10,261,5144.536,3213.1222
layer_10,262,15421.9795,3124.4809
layer_10,263,6817.1123,3120.1828
layer_10,264,20115.836,2946.6279
layer_10,265,19184.35,3189.1767
layer_10,266,20061.602,3106.2246
layer_10,267,20061.602,3277.0428
layer_10,268,15454.599,3036.8148
layer_10,269,18606.152,2608.9895
layer_10,270,6221.621,3087.8318
layer_10,271,21323.648,3228.355
layer_10,272,19108.146,3205.3596
layer_10,273,15971.457,3119.2533
layer_10,274,19753.586,3147.0601
layer_10,275,18595.201,3244.6016
layer_10,276,20857.467,3333.756
layer_10,277,20268.537,3235.7988
layer_10,278,19057.838,3335.1606
layer_10,279,18986.504,3170.1744
layer_10,280,20773.484,3297.8093
layer_10,281,21310.672,3424.0405
layer_10,282,14774.676,3118.1497
layer_10,283,6878.505,3567.8234
layer_10,284,19057.838,3370.167
layer_10,285,17834.783,3204.5924
layer_10,286,16422.049,3136.3781
layer_10,287,19476.889,3370.7672
layer_10,288,19498.988,3180.0177
layer_10,289,19044.965,3078.6927
layer_10,290,17195.568,3499.4274
layer_10,291,15720.919,3360.2171
layer_10,292,20750.389,3261.1199
layer_10,293,19257.686,3169.1507
layer_10,294,21101.531,3203.5701
layer_10,295,20731.076,3176.0377
layer_10,296,16491.344,3302.2626
layer_10,297,14040.587,3200.7207
layer_10,298,18716.107,3242.8183
layer_10,299,19184.13,3384.1499
layer_10,300,9300.946,3128.9974
layer_10,301,7064.839,3374.173
layer_10,302,20018.795,2738.8934
layer_10,303,18887.93,3082.1142
layer_10,304,16422.049,2909.9063
layer_10,305,19365.562,3468.2643
layer_10,306,16422.049,3177.4385
layer_10,307,19684.59,3017.6112
layer_10,308,20872.658,3227.4013
layer_10,309,15297.721,3455.2278
layer_10,310,20298.768,3040.9504
layer_10,311,15368.391,2501.5579
layer_10,312,6221.621,3354.3292
layer_10,313,18818.291,2743.7001
layer_10,314,19532.453,3026.6181
layer_10,315,16422.049,3340.9201
layer_10,316,19498.988,2921.8349
layer_10,317,20223.713,1754.1073
layer_10,318,19046.35,772.2859
layer_10,319,19697.516,1359.8418
layer_10,320,20223.713,3616.4588
layer_10,321,20872.658,3480.2913
layer_10,322,17520.824,3050.7071
layer_10,323,17834.783,3247.0474
layer_10,324,18761.54,3322.365
layer_10,325,20911.695,3321.9829
layer_10,326,21012.727,3209.4871
layer_10,327,20100.502,3565.8306
layer_10,328,14890.852,3356.8823
layer_10,329,18626.49,3356.2516
layer_10,330,20481.816,3375.0364
layer_10,331,19498.988,3475.558
layer_10,332,19683.838,3545.5661
layer_10,333,6978.0957,3210.5083
layer_10,334,16386.324,3478.0921
layer_10,335,18986.504,3447.8437
layer_10,336,15861.766,3376.5123
layer_10,337,17121.918,1842.3258
layer_10,338,19046.28,3331.8188
layer_10,339,19033.174,3470.6888
layer_10,340,14703.53,3196.478
layer_10,341,19152.842,3360.1061
layer_10,342,20621.885,3471.2598
layer_10,343,21323.648,2948.0018
layer_10,344,2705.4587,3193.5167
layer_10,345,20452.443,3370.6416
layer_10,346,20075.432,2990.8972
layer_10,347,21012.727,3158.6759
layer_10,348,2601.7825,3230.8601
layer_10,349,20100.502,3637.9556
layer_10,350,18716.107,3141.117
layer_10,351,21714.486,3312.8966
layer_10,352,15525.269,3239.0146
layer_10,353,20301.6,3273.8309
layer_10,354,14845.345,3222.1434
layer_10,355,19668.191,3314.8249
layer_10,356,6386.8755,3213.3661
layer_10,357,14182.4795,3430.1744
layer_10,358,15322.153,3303.456
layer_10,359,20359.547,3351.6604
layer_10,360,17099.178,3228.2455
layer_10,361,17977.291,3388.7028
layer_10,362,20359.547,3317.9869
layer_10,363,20467.424,3324.2536
layer_10,364,20275.582,3730.4208
layer_10,365,19875.209,3040.2097
layer_10,366,19571.22,3466.8055
layer_10,367,20036.643,3392.2347
layer_10,368,19346.682,3268.8353
layer_10,369,20100.502,3237.0376
layer_10,370,18655.438,3528.0627
layer_10,371,2705.4587,3056.8316
layer_10,372,14189.673,3354.5996
layer_10,373,20731.076,3617.3559
layer_10,374,20765.078,3142.455
layer_10,375,21027.707,3225.6676
layer_10,376,5144.536,3228.6264
layer_10,377,19476.889,3328.013
layer_10,378,18273.928,3481.5852
layer_10,379,13700.105,3488.2946
layer_10,380,17268.406,3283.2277
layer_10,381,6963.5635,2161.1377
layer_10,382,6486.4673,294.2717
layer_10,383,20621.885,1397.5691
layer_10,384,18192.816,3222.6701
layer_10,385,17268.406,3263.0044
layer_10,386,16282.023,3441.6054
layer_10,387,18653.662,3580.2833
layer_10,388,19240.867,3437.4744
layer_10,389,18716.107,3330.3248
layer_10,390,15374.251,3255.492
layer_10,391,18928.11,3169.1558
layer_10,392,19610.738,3467.7839
layer_10,393,18335.13,3237.8587
layer_10,394,18818.291,3635.5805
layer_10,395,19479.934,3439.3888
layer_10,396,20587.41,3299.7971
layer_10,397,20587.41,3457.8043
layer_10,398,18015.234,3258.0575
layer_10,399,18566.596,3355.4478
layer_10,400,20107.463,3500.6071
layer_10,401,18566.596,3200.8754
layer_10,402,20107.463,3163.2916
layer_10,403,18733.105,3444.186
layer_10,404,17723.412,3270.8497
layer_10,405,19184.13,3258.7411
layer_10,406,20587.41,3445.8707
layer_10,407,3435.5386,3331.6124
layer_10,408,9197.151,3290.1331
layer_10,409,21211.113,3349.1461
layer_10,410,21310.672,3493.0629
layer_10,411,20911.695,3160.8836
layer_10,412,18733.105,2919.7838
layer_10,413,14774.676,2926.9204
layer_10,414,18566.596,3232.9284
layer_10,415,20235.225,3350.8763
layer_10,416,19789.041,3174.268
layer_10,417,18487.324,3219.4694
layer_10,418,20765.078,3171.1283
layer_10,419,18898.963,3178.4537
layer_10,420,20765.078,3251.3993
layer_10,421,12767.758,3423.3075
layer_10,422,18653.662,3168.2208
layer_10,423,18081.252,3064.7011
layer_10,424,18761.54,3140.7538
layer_10,425,15421.9795,3164.2083
layer_10,426,14890.852,3351.1148
layer_10,427,19417.834,3198.6805
layer_10,428,17121.918,3013.9266
layer_10,429,19017.793,3063.3372
layer_10,430,15421.9795,3337.2077
layer_10,431,9300.946,3197.8028
layer_10,432,21531.799,3231.0175
layer_10,433,20587.41,3216.9313
layer_10,434,3331.8623,3034.6328
layer_10,435,17894.002,3492.9553
layer_10,436,19551.605,3216.0684
layer_10,437,16946.713,3183.3974
layer_10,438,14725.629,3783.5286
layer_10,439,14845.345,3420.9237
layer_10,440,18246.562,3274.1544
layer_10,441,15399.669,3182.1686
layer_10,442,20647.191,3341.4976
layer_10,443,17129.982,3230.4569
layer_10,444,20647.191,3204.4702
layer_10,445,17337.555,456.841
layer_10,446,17520.824,1332.4445
layer_10,447,17337.555,579.1381
layer_10,448,9719.872,3401.647
layer_10,449,20978.252,3427.1492
layer_10,450,20100.81,3536.2086
layer_10,451,20036.643,3463.2303
layer_10,452,17337.555,3677.2229
layer_10,453,20978.252,3520.4748
layer_10,454,17660.373,3434.1355
layer_10,455,20731.172,3480.7298
layer_10,456,15720.919,3258.1119
layer_10,457,18728.793,3431.4223
layer_10,458,14725.629,3334.9402
layer_10,459,15720.919,3528.7709
layer_10,460,21144.639,3422.3403
layer_10,461,6978.0957,3217.7548
layer_10,462,15861.766,3391.0317
layer_10,463,21310.672,3331.6483
layer_10,464,20647.191,3337.6514
layer_10,465,20919.83,3125.5931
layer_10,466,18740.633,3259.807
layer_10,467,6965.2476,3204.3031
layer_10,468,20621.885,3349.3426
layer_10,469,19209.133,3394.9014
layer_10,470,15525.269,3173.5556
layer_10,471,21310.672,2959.2922
layer_10,472,19105.771,3208.6031
layer_10,473,16386.324,3262.5029
layer_10,474,20018.795,3397.0352
layer_10,475,18957.438,3409.7467
layer_10,476,20919.83,3148.2562
layer_10,477,6466.0015,3259.1092
layer_10,478,20595.244,3365.551
layer_10,479,18192.816,3334.0368
layer_10,480,19044.965,3246.7506
layer_10,481,19875.209,3356.4078
layer_10,482,6876.821,3148.6989
layer_10,483,19093.2,3182.0148
layer_10,484,17262.537,3084.3524
layer_10,485,20565.299,3221.1188
layer_10,486,17273.094,3069.4959
layer_10,487,17072.229,3286.5415
layer_10,488,19789.041,3285.6481
layer_10,489,19697.516,3314.8763
layer_10,490,19163.076,3010.1512
layer_10,491,17810.059,3024.1485
layer_10,492,18891.5,3445.3128
layer_10,493,17478.174,3319.1043
layer_10,494,18878.627,3106.5683
layer_10,495,16164.068,3021.3305
layer_10,496,18566.596,3533.3411
layer_10,497,18186.955,3224.7529
layer_10,498,16422.049,3248.1239
layer_10,499,20107.463,3904.9288
layer_10,500,17658.447,2233.1274
layer_10,501,14725.629,3323.3485
layer_10,502,20115.836,3093.0104
layer_10,503,20315.51,3443.2146
layer_10,504,9197.151,3427.9475
layer_10,505,15399.669,3615.1794
layer_10,506,18157.922,3322.7417
layer_10,507,20452.443,3234.4434
layer_10,508,19697.516,2981.8793
layer_10,509,18930.252,1168.1601
layer_10,510,3331.8623,2519.5605
layer_10,511,20773.484,1510.3408
layer_10,512,6876.821,3374.2418
layer_10,513,19213.648,3361.6307
layer_10,514,18246.562,3338.9623
layer_10,515,19915.334,3447.817
layer_10,516,21847.932,3373.6673
layer_10,517,6965.2476,3195.3623
layer_10,518,15525.269,3187.8879
layer_10,519,18728.793,3356.6168
layer_10,520,16946.713,3309.2404
layer_10,521,15454.599,3676.7243
layer_10,522,20621.885,2980.2512
layer_10,523,14774.676,3021.7836
layer_10,524,18186.955,3161.0683
layer_10,525,19417.834,3103.2275
layer_10,526,17128.068,3395.6684
layer_10,527,15297.721,3510.6136
layer_10,528,19240.867,3301.6206
layer_10,529,19152.842,2904.3602
layer_10,530,15368.391,3226.7743
layer_10,531,20275.582,3585.6375
layer_10,532,6817.1123,3652.6457
layer_10,533,22073.16,3190.9201
layer_10,534,19057.838,3126.5664
layer_10,535,20621.885,3468.1182
layer_10,536,17478.174,3274.8826
layer_10,537,21012.727,3544.7525
layer_10,538,6878.505,3170.2235
layer_10,539,18091.42,3249.2301
layer_10,540,15823.586,3213.3412
layer_10,541,19219.898,3210.5723
layer_10,542,16491.344,3389.0889
layer_10,543,18136.537,3181.6144
layer_10,544,14111.256,3374.6599
layer_10,545,20298.768,3115.6983
layer_10,546,19610.738,3457.4825
layer_10,547,19111.201,3107.1709
layer_10,548,17057.066,3143.3856
layer_10,549,20298.768,3345.5904
layer_10,550,20731.076,3226.4742
layer_10,551,20467.424,3497.0694
layer_10,552,18898.963,3397.9774
layer_10,553,19645.709,3185.7358
layer_10,554,9407.444,3301.8368
layer_10,555,7532.6396,3444.1179
layer_10,556,16484.725,2328.279
layer_10,557,17338.041,3352.1933
layer_10,558,19476.889,3042.3852
layer_10,559,6903.855,3110.5358
layer_10,560,20919.83,3042.5508
layer_10,561,5124.527,3267.6939
layer_10,562,20061.602,3060.4955
layer_10,563,6878.505,2706.0094
layer_10,564,16140.512,3190.0037
layer_10,565,18930.252,3241.7963
layer_10,566,16946.713,3185.583
layer_10,567,17053.75,3255.0691
layer_10,568,15303.584,2860.7492
layer_10,569,17527.346,2860.4463
layer_10,570,18234.242,3256.7067
layer_10,571,9300.946,3192.0207
layer_10,572,18300.168,3001.4051
layer_10,573,20406.748,1929.1926
layer_10,574,17899.795,1321.3403
layer_10,575,18300.168,1097.8467
layer_10,576,13733.671,3198.2625
layer_10,577,17454.123,3620.3666
layer_10,578,3784.6853,3582.7506
layer_10,579,20647.191,3476.4726
layer_10,580,9719.872,3469.6322
layer_10,581,19209.133,3528.5614
layer_10,582,21211.113,3614.4601
layer_10,583,17723.412,3479.8787
layer_10,584,16396.055,3760.108
layer_10,585,18793.508,3482.031
layer_10,586,16484.725,3189.0277
layer_10,587,18633.244,3163.6719
layer_10,588,20630.957,3474.7747
layer_10,589,18793.508,3470.0754
layer_10,590,20632.527,3256.2952
layer_10,591,20632.527,3353.536
layer_10,592,19485.883,3334.5133
layer_10,593,17465.068,3315.2655
layer_10,594,20481.816,3314.0179
layer_10,595,10844.3545,3821.0458
layer_10,596,3784.6853,3498.367
layer_10,597,16675.486,3333.1599
layer_10,598,18722.373,3223.2909
layer_10,599,18722.373,3432.6108
layer_10,600,19257.686,3132.1185
layer_10,601,15347.848,3438.8963
layer_10,602,19163.076,3384.8398
layer_10,603,19876.725,3068.4987
layer_10,604,19525.71,3187.1567
layer_10,605,15150.935,3252.0408
layer_10,606,15976.854,3106.9712
layer_10,607,20315.51,3125.4176
layer_10,608,18625.084,3347.9257
layer_10,609,21027.707,3008.744
layer_10,610,20978.252,3286.5704
layer_10,611,17171.746,3302.8845
layer_10,612,20919.83,3221.6962
layer_10,613,18957.438,3295.8487
layer_10,614,19875.209,3325.4366
layer_10,615,17057.066,3136.9616
layer_10,616,15454.599,3102.8379
layer_10,617,17810.059,0.0
layer_10,618,14945.17,3209.4309
layer_10,619,19476.889,3273.7197
layer_10,620,21369.666,3326.4654
layer_10,621,13315.53,3104.9699
layer_10,622,19209.133,3422.3094
layer_10,623,18986.504,3236.1738
layer_10,624,13315.53,3236.1858
layer_10,625,15347.848,3466.6443
layer_10,626,21682.318,3431.5799
layer_10,627,20595.244,3385.5748
layer_10,628,20100.502,3601.9094
layer_10,629,21308.676,2990.4682
layer_10,630,19213.648,3220.6423
layer_10,631,19876.725,3294.1309
layer_10,632,20298.768,3481.1347
layer_10,633,17053.75,2988.5793
layer_10,634,15531.129,3232.7888
layer_10,635,15347.848,3208.2098
layer_10,636,20621.885,2972.8941
layer_10,637,18377.287,1624.1024
layer_10,638,9197.151,2478.9366
layer_10,639,20983.45,1086.4868
layer_10,640,9719.872,3429.6567
layer_10,641,20556.83,3476.397
layer_10,642,21721.637,3329.5318
layer_10,643,18194.625,3466.9475
layer_10,644,20773.484,3238.5948
layer_10,645,15861.766,3373.2587
layer_10,646,20872.658,3449.1192
layer_10,647,17899.795,3105.1763
layer_10,648,15475.727,3592.7252
layer_10,649,20467.424,3421.6829
layer_10,650,21406.764,3303.5354
layer_10,651,19684.59,3406.5045
layer_10,652,15971.457,3426.8982
layer_10,653,21436.965,3482.8872
layer_10,654,16386.324,3458.9811
layer_10,655,5124.527,3356.2255
layer_10,656,18878.627,2741.2171
layer_10,657,18928.11,3181.3701
layer_10,658,20061.602,3277.2352
layer_10,659,15347.848,3180.3622
layer_10,660,7532.6396,3171.075
layer_10,661,15861.766,3221.5127
layer_10,662,15150.935,3232.6059
layer_10,663,22073.16,3437.2305
layer_10,664,20724.768,3091.6444
layer_10,665,18136.537,3546.165
layer_10,666,17121.918,3068.0324
layer_10,667,19668.191,3065.4763
layer_10,668,10415.468,3317.4315
layer_10,669,17454.123,3304.1969
layer_10,670,19508.396,3120.6322
layer_10,671,21310.672,2920.1224
layer_10,672,20036.643,3329.8589
layer_10,673,18655.51,3119.7634
layer_10,674,6876.821,3365.0911
layer_10,675,9589.318,3178.2358
layer_10,676,15303.584,3263.9506
layer_10,677,20595.244,2986.9617
layer_10,678,21027.707,3153.5808
layer_10,679,18994.365,3306.3731
layer_10,680,19485.883,3182.8823
layer_10,681,3435.5386,3173.2371
layer_10,682,19525.71,3302.6812
layer_10,683,20335.402,3136.5365
layer_10,684,19668.191,2914.7777
layer_10,685,17343.926,3212.6779
layer_10,686,20632.527,3329.9221
layer_10,687,9842.087,3220.9948
layer_10,688,21406.764,3317.163
layer_10,689,18887.93,3112.8886
layer_10,690,14040.587,3063.7138
layer_10,691,19551.605,3176.034
layer_10,692,17820.88,3142.9789
layer_10,693,16140.512,3252.397
layer_10,694,15823.586,3059.2623
layer_10,695,18733.105,3076.3825
layer_10,696,18763.914,3158.6561
layer_10,697,20741.275,3364.9389
layer_10,698,16742.674,2654.0518
layer_10,699,16826.674,3126.0669
layer_10,700,17454.123,3072.7035
layer_10,701,18716.107,558.1688
layer_10,702,17840.105,1102.9645
layer_10,703,18161.354,616.5604
layer_10,704,17840.105,3220.6879
layer_10,705,6923.958,3208.7012
layer_10,706,6221.621,3476.5315
layer_10,707,21563.088,3566.2881
layer_10,708,19469.875,3266.3583
layer_10,709,19417.834,3465.7999
layer_10,710,19257.686,3244.7164
layer_10,711,19365.562,3574.7163
layer_10,712,7532.6396,3471.9802
layer_10,713,13402.394,3257.6996
layer_10,714,17171.746,3472.0842
layer_10,715,18234.242,3406.4931
layer_10,716,21464.668,3309.7126
layer_10,717,15150.935,3625.3138
layer_10,718,20115.836,3384.7542
layer_10,719,21203.305,3475.1222
layer_10,720,19070.334,3099.7148
layer_10,721,18091.42,3327.412
layer_10,722,17191.027,3291.7166
layer_10,723,18194.625,3348.2632
layer_10,724,17982.598,3340.9412
layer_10,725,16877.97,3157.575
layer_10,726,15531.129,3345.2391
layer_10,727,10452.187,3230.5702
layer_10,728,18763.914,3279.7131
layer_10,729,16446.844,3322.4434
layer_10,730,22828.143,3567.0634
layer_10,731,21531.799,3296.8142
layer_10,732,18377.287,3337.4903
layer_10,733,22045.287,3131.3571
layer_10,734,19093.844,3275.8041
layer_10,735,19142.033,3213.7496
layer_10,736,18754.494,3365.6196
layer_10,737,16869.08,3112.3298
layer_10,738,21504.04,3233.0802
layer_10,739,17663.936,3097.5564
layer_10,740,20271.662,3216.4248
layer_10,741,17810.059,3130.3812
layer_10,742,17415.947,3050.288
layer_10,743,20999.45,3351.9776
layer_10,744,21598.59,3134.7014
layer_10,745,21559.732,2907.0969
layer_10,746,15970.288,3125.3944
layer_10,747,21179.824,3058.2292
layer_10,748,19249.295,3016.7926
layer_10,749,15996.516,3329.806
layer_10,750,16715.861,3055.8499
layer_10,751,21211.113,3268.8419
layer_10,752,21179.824,3093.4633
layer_10,753,18491.205,2830.6137
layer_10,754,17820.88,3138.1372
layer_10,755,21384.145,2373.8382
layer_10,756,10956.606,3311.3184
layer_10,757,18483.262,3349.0381
layer_10,758,18197.045,3115.7652
layer_10,759,14382.558,3499.0586
layer_10,760,21381.178,3104.6489
layer_10,761,3784.6853,3228.2975
layer_10,762,15326.486,3107.3563
layer_10,763,15326.486,3212.1343
layer_10,764,18349.791,3062.0728
layer_10,765,21308.676,1684.3969
layer_10,766,20316.355,502.7024
layer_10,767,20316.355,1011.0778
layer_10,768,21216.984,3411.6558
layer_10,769,20251.928,3204.2007
layer_10,770,18554.574,3467.3201
layer_10,771,18318.434,3443.5817
layer_10,772,17067.852,2710.7513
layer_10,773,16708.432,3652.2379
layer_10,774,20304.512,3600.4139
layer_10,775,21134.45,3314.0344
layer_10,776,20992.627,3045.2613
layer_10,777,18003.139,3364.9799
layer_10,778,20586.443,3121.1985
layer_10,779,10259.38,3277.9983
layer_10,780,14525.35,3251.6688
layer_10,781,6903.855,3249.716
layer_10,782,22625.496,3403.2547
layer_10,783,18284.557,3088.021
layer_10,784,21499.922,3242.4169
layer_10,785,16105.348,3496.1359
layer_10,786,21982.303,3320.9587
layer_10,787,21392.045,3181.4783
layer_10,788,22061.26,3210.339
layer_10,789,21982.303,3075.7289
layer_10,790,21982.303,3179.647
layer_10,791,15475.727,3394.0508
layer_10,792,21256.793,3063.7363
layer_10,793,22029.64,3206.2947
layer_10,794,17603.852,3014.3732
layer_10,795,20481.246,3014.125
layer_10,796,7687.028,3221.5361
layer_10,797,21296.332,3092.6116
layer_10,798,17344.473,2963.6417
layer_10,799,16572.984,3111.5319
layer_10,800,17930.018,3276.2037
layer_10,801,20569.201,2956.9597
layer_10,802,20461.324,3391.2887
layer_10,803,23777.004,3107.7749
layer_10,804,20136.727,3265.4248
layer_10,805,18321.11,3099.8403
layer_10,806,23869.766,3073.9248
layer_10,807,17157.627,3382.7627
layer_10,808,18623.967,3048.2112
layer_10,809,23227.877,3108.7616
layer_10,810,19196.027,3306.036
layer_10,811,21983.508,3063.2495
layer_10,812,21109.744,2505.256
layer_10,813,22951.146,3430.9246
layer_10,814,17793.39,3058.7569
layer_10,815,23644.086,3471.9811
layer_10,816,20915.975,3006.473
layer_10,817,21339.238,3329.2229
layer_10,818,19457.62,3292.4191
layer_10,819,21777.186,3246.1504
layer_10,820,18921.82,3347.1213
layer_10,821,22374.25,3207.3262
layer_10,822,17799.732,2974.9722
layer_10,823,21433.031,2993.8794
layer_10,824,20926.969,3322.4047
layer_10,825,25441.951,2833.3978
layer_10,826,25441.951,3004.0177
layer_10,827,17898.56,2972.3527
layer_10,828,17852.486,2933.8503
layer_10,829,21596.438,1721.3834
layer_10,830,20032.975,1072.86
layer_10,831,17251.516,391.3089
layer_10,832,16183.842,3237.0146
layer_10,833,21207.664,3326.2037
layer_10,834,21846.695,3689.9636
layer_10,835,23131.01,3382.8718
layer_10,836,19868.639,3470.0354
layer_10,837,17908.918,3562.5266
layer_10,838,22999.01,2035.4687
layer_10,839,21588.28,3623.8419
layer_10,840,18907.953,3401.8291
layer_10,841,22166.865,3339.1436
layer_10,842,21179.023,3462.2058
layer_10,843,25022.078,3585.0275
layer_10,844,20870.494,3212.2351
layer_10,845,18802.822,3235.7011
layer_10,846,21359.014,3390.5135
layer_10,847,21308.875,3181.9101
layer_10,848,23297.592,3421.7763
layer_10,849,22928.363,3164.5048
layer_10,850,15720.919,3445.8252
layer_10,851,21370.867,3207.796
layer_10,852,20303.232,3364.5529
layer_10,853,22472.855,3446.0821
layer_10,854,8310.509,3254.4717
layer_10,855,23441.846,3342.945
layer_10,856,23038.107,3069.2427
layer_10,857,23038.107,3435.8819
layer_10,858,21665.492,3232.7134
layer_10,859,23837.252,3434.6818
layer_10,860,19349.812,3288.2184
layer_10,861,20497.285,3114.7082
layer_10,862,20820.084,3198.2118
layer_10,863,21828.387,3372.9601
layer_10,864,20100.502,3510.7001
layer_10,865,24620.22,3008.3782
layer_10,866,22397.14,3275.2311
layer_10,867,20073.943,3127.0384
layer_10,868,23248.234,3236.1176
layer_10,869,21257.648,3247.0934
layer_10,870,20773.836,3045.452
layer_10,871,21448.748,3108.2658
layer_10,872,23209.525,3335.9358
layer_10,873,23344.115,3064.7102
layer_10,874,23344.115,3088.9084
layer_10,875,19716.027,3217.1421
layer_10,876,20817.543,3210.4264
layer_10,877,23210.531,2723.8633
layer_10,878,6813.117,3113.1757
layer_10,879,18182.137,3227.7907
layer_10,880,22574.719,3147.6016
layer_10,881,22598.09,3106.6559
layer_10,882,16643.41,3070.3666
layer_10,883,20438.258,3354.0908
layer_10,884,24549.021,2739.4425
layer_10,885,17843.309,3612.5052
layer_10,886,24549.021,3226.383
layer_10,887,20624.83,3252.2147
layer_10,888,19247.059,3214.7442
layer_10,889,10793.478,3350.8906
layer_10,890,24057.318,3195.1223
layer_10,891,19260.04,3141.9332
layer_10,892,23105.467,3266.1269
layer_10,893,24290.336,1135.1111
layer_10,894,18004.746,2668.4579
layer_10,895,12752.314,391.9275
layer_10,896,23706.121,3015.15
layer_10,897,20124.387,3358.558
layer_10,898,13777.447,3570.2747
layer_10,899,20741.22,3460.0787
layer_10,900,9451.663,3475.7136
layer_10,901,23770.299,3585.6677
layer_10,902,25381.082,3248.2125
layer_10,903,21795.893,3426.6645
layer_10,904,22440.512,3591.1539
layer_10,905,20864.844,3591.5096
layer_10,906,22807.506,3440.7697
layer_10,907,21159.213,3474.3582
layer_10,908,25060.965,3365.8617
layer_10,909,26702.656,3370.8373
layer_10,910,23827.096,3184.011
layer_10,911,22654.482,3355.8309
layer_10,912,22062.03,3326.8295
layer_10,913,23003.748,3328.2524
layer_10,914,23573.635,3259.1981
layer_10,915,23402.93,3204.8383
layer_10,916,21818.17,3430.3052
layer_10,917,12037.042,3459.1441
layer_10,918,28724.799,3277.22
layer_10,919,16336.66,3191.0275
layer_10,920,12607.065,3006.7161
layer_10,921,23566.496,2998.5898
layer_10,922,24600.51,3263.23
layer_10,923,7924.9424,3219.3411
layer_10,924,12669.191,3382.122
layer_10,925,8304.532,3339.3591
layer_10,926,24123.475,3007.0902
layer_10,927,22630.35,3157.8246
layer_10,928,21661.383,3254.9999
layer_10,929,12900.725,3186.7541
layer_10,930,24656.918,3073.7332
layer_10,931,24175.38,3177.4911
layer_10,932,5330.5864,3138.2074
layer_10,933,25997.982,3243.3672
layer_10,934,23232.887,3183.6254
layer_10,935,23286.207,3114.0404
layer_10,936,24097.512,3202.9766
layer_10,937,12993.13,3196.3849
layer_10,938,24748.701,3301.5338
layer_10,939,21579.984,3130.578
layer_10,940,26465.107,3368.8756
layer_10,941,22669.445,3202.0829
layer_10,942,21226.238,3329.6113
layer_10,943,23532.107,3167.1306
layer_10,944,24061.11,3178.3517
layer_10,945,22266.182,3127.4203
layer_10,946,26093.166,3110.461
layer_10,947,24830.45,3313.4345
layer_10,948,25143.826,3003.4581
layer_10,949,22994.129,3093.7175
layer_10,950,10088.283,3070.1265
layer_10,951,20687.191,3026.2794
layer_10,952,25082.664,3110.2746
layer_10,953,15552.638,3126.7661
layer_10,954,6946.8477,3228.373
layer_10,955,22680.713,3195.839
layer_10,956,25258.146,3113.325
layer_10,957,6304.2764,1034.8963
layer_10,958,25507.996,1842.6394
layer_10,959,12992.513,1225.9451
layer_10,960,22587.553,3393.6623
layer_10,961,29296.535,3302.2842
layer_10,962,24373.16,3160.9397
layer_10,963,2133.6404,3490.4777
layer_10,964,26739.44,3232.2748
layer_10,965,21382.947,3260.8556
layer_10,966,15002.466,3184.109
layer_10,967,24184.803,3399.9121
layer_10,968,22478.312,3285.8982
layer_10,969,19518.887,3210.8294
layer_10,970,14950.1455,3255.6689
layer_10,971,20201.121,3298.8989
layer_10,972,12623.38,3267.2339
layer_10,973,22438.53,3151.1262
layer_10,974,28998.162,3233.6644
layer_10,975,24053.703,3306.4984
layer_10,976,21430.912,3068.714
layer_10,977,23911.213,3458.2757
layer_10,978,10255.426,3226.7445
layer_10,979,13414.368,3068.8333
layer_10,980,25172.732,3275.8472
layer_10,981,29050.215,3113.2056
layer_10,982,6372.354,3300.9543
layer_10,983,18528.52,3300.798
layer_10,984,6730.4897,3125.1679
layer_10,985,11095.504,3307.9628
layer_10,986,13382.737,3265.1576
layer_10,987,10670.037,3055.2042
layer_10,988,13074.757,3253.0229
layer_10,989,6403.6055,3254.7213
layer_10,990,9683.846,3285.4159
layer_10,991,12604.127,3053.0968
layer_10,992,25757.906,3179.6207
layer_10,993,22728.79,3275.373
layer_10,994,27350.176,3121.6244
layer_10,995,9226.967,3224.0848
layer_10,996,19562.092,3075.7451
layer_10,997,12953.584,3202.3734
layer_10,998,22138.037,1654.2256
layer_10,999,17613.951,1772.2206
layer_11,0,12442.221,3676.3654
layer_11,1,11044.412,744.1854
layer_11,2,11044.412,4430.4387
layer_11,3,12442.221,1014.3852
layer_11,4,12442.221,538.0499
layer_11,5,12442.221,1084.2327
layer_11,6,12837.838,535.2056
layer_11,7,12837.838,0.0
layer_11,8,11894.865,0.0
layer_11,9,12837.838,0.0
layer_11,10,12837.838,459.5632
layer_11,11,13157.31,829.5782
layer_11,12,12590.316,1759.0993
layer_11,13,12892.279,456.8384
layer_11,14,13157.31,386.6375
layer_11,15,13157.31,0.0
layer_11,16,13157.31,1582.1349
layer_11,17,12590.316,0.0
layer_11,18,12892.279,1337.164
layer_11,19,11880.388,2230.6955
layer_11,20,11880.388,776.4299
layer_11,21,12892.279,454.1387
layer_11,22,12892.279,167.8614
layer_11,23,11125.108,762.3595
layer_11,24,13208.957,1071.816
layer_11,25,12940.166,996.4115
layer_11,26,12560.008,719.9207
layer_11,27,11162.199,572.3243
layer_11,28,11162.199,2496.2765
layer_11,29,12560.008,445.1565
layer_11,30,12560.008,391.8135
layer_11,31,13162.949,257.24
layer_11,32,13162.949,1348.3557
layer_11,33,14478.913,1159.3079
layer_11,34,13162.949,3859.7696
layer_11,35,11502.323,1232.1806
layer_11,36,12445.296,563.5174
layer_11,37,12445.296,1459.0077
layer_11,38,12595.955,784.7445
layer_11,39,12595.955,150.5098
layer_11,40,11502.323,1540.5285
layer_11,41,12445.296,252.8514
layer_11,42,14318.19,458.0163
layer_11,43,14622.95,1726.6214
layer_11,44,13471.376,2205.6703
layer_11,45,13471.376,1116.2209
layer_11,46,13471.376,598.0714
layer_11,47,13471.376,736.6488
layer_11,48,12128.639,533.2418
layer_11,49,13250.519,6927.6642
layer_11,50,11854.001,1407.9817
layer_11,51,12128.639,0.0
layer_11,52,13250.519,1415.5323
layer_11,53,13250.519,1757.486
layer_11,54,11572.743,2221.3401
layer_11,55,13250.519,1761.2623
layer_11,56,11854.001,1787.3848
layer_11,57,11943.323,791.7883
layer_11,58,11854.001,226.49
layer_11,59,11125.108,2525.2205
layer_11,60,13331.1045,0.0
layer_11,61,14305.963,659.3921
layer_11,62,14305.963,1184.6092
layer_11,63,12445.296,2792.1555
layer_11,64,14305.963,1501.9983
layer_11,65,11616.84,0.0
layer_11,66,14305.963,971.5875
layer_11,67,13331.1045,0.0
layer_11,68,13331.1045,1069.1885
layer_11,69,11616.84,392.4043
layer_11,70,14586.072,994.6848
layer_11,71,12940.166,0.0
layer_11,72,13576.13,1693.8183
layer_11,73,14218.675,791.6157
layer_11,74,11854.001,296.2098
layer_11,75,12940.166,0.0
layer_11,76,13576.13,1885.2875
layer_11,77,13576.13,1216.1959
layer_11,78,13576.13,616.5827
layer_11,79,13331.1045,990.046
layer_11,80,12874.441,716.5291
layer_11,81,12874.441,294.9329
layer_11,82,11572.743,0.0
layer_11,83,12940.166,1741.4517
layer_11,84,14190.388,0.0
layer_11,85,14218.675,3568.6736
layer_11,86,14218.675,3310.2681
layer_11,87,14024.664,716.5992
layer_11,88,14218.675,675.3443
layer_11,89,13208.957,993.0788
layer_11,90,13352.996,910.3872
layer_11,91,13352.996,963.7136
layer_11,92,13352.996,0.0
layer_11,93,13352.996,0.0
layer_11,94,14190.388,724.0474
layer_11,95,14318.19,1662.1415
layer_11,96,14772.1,1749.4184
layer_11,97,13404.09,689.0319
layer_11,98,13404.09,2385.0077
layer_11,99,13404.09,582.8561
layer_11,100,14622.95,217.7399
layer_11,101,14478.913,1115.36
layer_11,102,14622.95,0.0
layer_11,103,13404.09,1762.8113
layer_11,104,14622.95,1253.7837
layer_11,105,14318.19,994.645
layer_11,106,12837.097,868.4039
layer_11,107,14289.903,392.5592
layer_11,108,12837.097,1414.4934
layer_11,109,14557.787,92.7305
layer_11,110,14289.903,1474.042
layer_11,111,14586.072,452.3934
layer_11,112,14586.072,450.9443
layer_11,113,14557.787,1158.4314
layer_11,114,14741.579,0.0
layer_11,115,14741.579,607.9392
layer_11,116,13958.939,0.0
layer_11,117,14741.579,956.4809
layer_11,118,14741.579,1346.6257
layer_11,119,14024.664,964.2466
layer_11,120,13958.939,0.0
layer_11,121,14024.664,72.6501
layer_11,122,14024.664,83.9351
layer_11,123,14622.95,925.3471
layer_11,124,14622.95,210.2902
layer_11,125,14622.95,410.326
layer_11,126,14622.95,373.4758
layer_11,127,14478.913,0.0
layer_11,128,14478.913,5380.6699
layer_11,129,14713.294,6925.2012
layer_11,130,14743.814,5629.1242
layer_11,131,14713.294,6774.1544
layer_11,132,14772.1,5110.9956
layer_11,133,14772.1,5110.889
layer_11,134,14743.814,5629.0891
layer_11,135,14772.1,5347.4458
layer_11,136,11894.865,5340.112
layer_11,137,13280.736,5099.4237
layer_11,138,11461.458,5628.9315
layer_11,139,11461.458,6917.6487
layer_11,140,13718.156,5642.6386
layer_11,141,11550.781,5557.2559
layer_11,142,12713.742,5303.3447
layer_11,143,13280.736,4731.9933
layer_11,144,12857.977,5057.4756
layer_11,145,12713.742,4815.0049
layer_11,146,14396.291,5301.3218
layer_11,147,12857.977,4732.1953
layer_11,148,10517.941,5301.551
layer_11,149,13280.736,4038.3646
layer_11,150,13280.736,5350.1415
layer_11,151,11461.458,6818.9571
layer_11,152,12857.977,5378.6136
layer_11,153,11461.458,5585.2689
layer_11,154,12857.977,6018.8525
layer_11,155,12375.419,5585.1239
layer_11,156,15288.017,5152.99
layer_11,157,11852.426,5152.7315
layer_11,158,13718.156,6789.5688
layer_11,159,15288.017,7607.093
layer_11,160,11242.8955,5825.1666
layer_11,161,14396.291,1498.2393
layer_11,162,11242.8955,1232.9308
layer_11,163,14396.291,5629.398
layer_11,164,14396.291,6925.2834
layer_11,165,11550.781,5339.7452
layer_11,166,15288.017,5110.8374
layer_11,167,13718.156,2608.347
layer_11,168,12375.419,1485.3477
layer_11,169,13718.156,1431.5565
layer_11,170,11852.426,1224.8113
layer_11,171,15288.017,1328.816
layer_11,172,14869.72,1282.6489
layer_11,173,15254.485,1466.1437
layer_11,174,15254.485,1408.0577
layer_11,175,14869.72,1408.2224
layer_11,176,15254.485,1013.1586
layer_11,177,14947.585,1002.2805
layer_11,178,14380.591,757.0997
layer_11,179,14947.585,827.3529
layer_11,180,14947.585,5959.0643
layer_11,181,10910.483,6740.2715
layer_11,182,12318.296,5082.443
layer_11,183,12384.0205,5532.8278
layer_11,184,12384.0205,5316.248
layer_11,185,12384.0205,6738.5603
layer_11,186,12384.0205,5523.7046
layer_11,187,13054.812,6715.7663
layer_11,188,13054.812,5304.234
layer_11,189,13054.812,425.6726
layer_11,190,13026.525,792.9127
layer_11,191,12560.008,607.5471
layer_11,192,13162.949,7125.4032
layer_11,193,14380.591,8095.9391
layer_11,194,10910.483,7718.493
layer_11,195,12579.804,7606.5579
layer_11,196,12359.643,6741.2698
layer_11,197,12812.478,6741.3955
layer_11,198,12812.478,7357.3092
layer_11,199,12812.478,7434.0078
layer_11,200,12812.478,7434.6964
layer_11,201,12694.69,6816.2118
layer_11,202,12694.69,6767.7082
layer_11,203,12694.69,6829.2927
layer_11,204,12694.69,6828.892
layer_11,205,12697.591,4457.4101
layer_11,206,12752.185,7365.3892
layer_11,207,12752.185,4373.5784
layer_11,208,12697.591,6828.7126
layer_11,209,12752.185,6829.0513
layer_11,210,12752.185,6910.8279
layer_11,211,12746.295,6741.3182
layer_11,212,13159.015,6741.1803
layer_11,213,12579.804,4373.5784
layer_11,214,12972.191,8090.1959
layer_11,215,13159.015,7595.1105
layer_11,216,12978.08,7595.3598
layer_11,217,12978.08,0.0
layer_11,218,12359.643,6790.2467
layer_11,219,12359.643,6797.4736
layer_11,220,12585.538,7422.9879
layer_11,221,12359.643,7595.2311
layer_11,222,12585.538,7595.2311
layer_11,223,13044.126,7704.2083
layer_11,224,13317.346,7422.9712
layer_11,225,15290.952,6915.7623
layer_11,226,15290.952,6759.6877
layer_11,227,15290.952,6775.0796
layer_11,228,15290.952,6771.2711
layer_11,229,15317.593,6732.214
layer_11,230,12274.844,6733.0025
layer_11,231,12720.937,6733.9649
layer_11,232,12238.27,6716.1434
layer_11,233,12238.27,6807.6866
layer_11,234,12274.844,6808.3676
layer_11,235,12720.937,6826.5201
layer_11,236,15317.593,6709.6948
layer_11,237,12274.844,6722.6518
layer_11,238,12274.844,6728.6112
layer_11,239,12720.937,6728.148
layer_11,240,12746.295,8866.3769
layer_11,241,12720.937,8866.5941
layer_11,242,13141.266,6709.0848
layer_11,243,13141.266,7228.6245
layer_11,244,13381.583,6760.3002
layer_11,245,13159.015,5861.0242
layer_11,246,13381.583,0.0
layer_11,247,13159.015,6807.7023
layer_11,248,13381.583,6807.6529
layer_11,249,12684.362,6916.1003
layer_11,250,12746.295,6915.4862
layer_11,251,12684.362,6731.6025
layer_11,252,12746.295,5784.7215
layer_11,253,12972.191,1138.5423
layer_11,254,13317.346,701.5948
layer_11,255,13381.583,365.8584
layer_11,256,13607.478,8425.9591
layer_11,257,13256.152,8876.5224
layer_11,258,13256.152,8868.2803
layer_11,259,13256.152,8866.9313
layer_11,260,13044.126,0.0
layer_11,261,15180.159,7166.7261
layer_11,262,13317.346,0.0
layer_11,263,13317.346,7445.7203
layer_11,264,15180.159,7437.7264
layer_11,265,13256.152,7602.5075
layer_11,266,13543.24,7588.7144
layer_11,267,13543.24,6436.5443
layer_11,268,13036.429,6436.5849
layer_11,269,15180.159,7862.0232
layer_11,270,15180.159,7731.8728
layer_11,271,15322.552,7589.2077
layer_11,272,12810.532,7351.4884
layer_11,273,15322.552,8867.0633
layer_11,274,12810.532,7429.0613
layer_11,275,13718.156,7428.4509
layer_11,276,12810.532,8146.9554
layer_11,277,12810.532,9023.9293
layer_11,278,13036.429,7589.1535
layer_11,279,13493.492,7567.3174
layer_11,280,13493.492,0.0
layer_11,281,13598.447,7696.3722
layer_11,282,13493.492,0.0
layer_11,283,13493.492,6776.0274
layer_11,284,13691.516,8082.7944
layer_11,285,13691.516,7248.2001
layer_11,286,13691.516,9600.7102
layer_11,287,13718.156,7336.6337
layer_11,288,13691.516,7343.9085
layer_11,289,14577.343,5822.7994
layer_11,290,13598.447,7416.4647
layer_11,291,14577.343,0.0
layer_11,292,14719.735,8326.1314
layer_11,293,14719.735,7415.9698
layer_11,294,14577.343,7566.9914
layer_11,295,14586.072,0.0
layer_11,296,14577.343,7731.2648
layer_11,297,11943.323,6803.7092
layer_11,298,14346.843,9455.427
layer_11,299,14346.843,9456.0161
layer_11,300,14346.843,9454.9139
layer_11,301,14489.235,5822.8419
layer_11,302,14318.19,5295.2583
layer_11,303,14489.235,7168.1818
layer_11,304,14203.232,6500.8049
layer_11,305,14439.269,5954.7147
layer_11,306,14203.232,5955.1507
layer_11,307,14321.481,6051.9821
layer_11,308,14324.382,6820.2129
layer_11,309,14324.382,6630.7165
layer_11,310,14439.269,7336.2549
layer_11,311,14439.269,7422.8609
layer_11,312,11927.484,4447.4617
layer_11,313,12283.454,4362.8296
layer_11,314,12550.921,7704.1341
layer_11,315,13133.587,7347.7282
layer_11,316,12783.594,5748.6782
layer_11,317,11890.912,115.346
layer_11,318,11927.484,2871.3827
layer_11,319,11927.484,1787.63
layer_11,320,13330.199,7618.3971
layer_11,321,13330.199,7839.4377
layer_11,322,15552.578,9469.2498
layer_11,323,12907.691,9455.903
layer_11,324,12668.708,9456.7386
layer_11,325,12515.149,7833.2474
layer_11,326,12907.691,7841.3481
layer_11,327,12320.027,9600.388
layer_11,328,12515.149,9600.2823
layer_11,329,11890.912,8124.0124
layer_11,330,13104.304,9544.7336
layer_11,331,12320.027,9544.867
layer_11,332,12783.594,9544.9412
layer_11,333,12741.045,9544.867
layer_11,334,12515.149,8124.1202
layer_11,335,11927.484,7841.398
layer_11,336,12320.027,9544.6271
layer_11,337,12668.708,9544.7235
layer_11,338,12515.149,8141.8037
layer_11,339,12783.594,9025.2824
layer_11,340,13104.304,9026.824
layer_11,341,13222.091,9026.0189
layer_11,342,13104.304,7665.539
layer_11,343,15552.578,8141.8825
layer_11,344,15552.578,8916.2388
layer_11,345,13222.091,8916.3162
layer_11,346,13447.986,7658.5611
layer_11,347,15552.578,7665.443
layer_11,348,12783.594,7638.4757
layer_11,349,12665.807,7637.4234
layer_11,350,12665.807,8917.2545
layer_11,351,13222.091,8916.3319
layer_11,352,12907.691,8916.8011
layer_11,353,12907.691,8864.7511
layer_11,354,12665.807,9445.6442
layer_11,355,12665.807,7922.06
layer_11,356,13648.068,8280.4468
layer_11,357,15335.666,9444.7172
layer_11,358,15335.666,8823.8752
layer_11,359,15335.666,8823.8842
layer_11,360,15335.666,8856.8304
layer_11,361,15478.059,0.0
layer_11,362,15112.901,0.0
layer_11,363,15317.593,0.0
layer_11,364,15290.952,8823.6635
layer_11,365,15112.901,8867.6396
layer_11,366,15290.952,8867.5672
layer_11,367,15290.952,7805.1078
layer_11,368,15317.593,8284.7817
layer_11,369,15290.952,8123.8136
layer_11,370,15478.059,8022.2303
layer_11,371,15478.059,7664.3628
layer_11,372,15335.666,8230.8729
layer_11,373,15335.666,9603.9074
layer_11,374,15335.666,8231.2563
layer_11,375,15335.666,5009.9563
layer_11,376,12970.874,9605.0862
layer_11,377,14058.017,7637.332
layer_11,378,14058.017,7128.2483
layer_11,379,14058.017,9631.4304
layer_11,380,14058.017,7916.237
layer_11,381,12970.874,407.7508
layer_11,382,12992.074,0.0
layer_11,383,13559.068,0.0
layer_11,384,13559.068,9283.072
layer_11,385,13559.068,9073.9527
layer_11,386,12992.074,9074.2456
layer_11,387,13559.068,9502.9309
layer_11,388,14321.481,9596.3674
layer_11,389,12550.921,9507.0536
layer_11,390,12651.828,8916.0934
layer_11,391,13684.619,8825.8985
layer_11,392,15002.597,8865.5767
layer_11,393,12651.828,9033.5935
layer_11,394,13186.934,9605.9025
layer_11,395,15002.597,9605.8885
layer_11,396,11797.325,9605.0274
layer_11,397,12167.109,9737.5902
layer_11,398,12942.177,8868.9815
layer_11,399,12942.177,8988.8552
layer_11,400,11805.557,9037.0849
layer_11,401,11690.671,8989.506
layer_11,402,13667.316,9594.9959
layer_11,403,14706.046,8817.4819
layer_11,404,15304.334,8869.0475
layer_11,405,13880.805,9595.6937
layer_11,406,13667.316,8827.1123
layer_11,407,13880.805,9461.8293
layer_11,408,13880.805,8826.8961
layer_11,409,13355.474,9709.405
layer_11,410,13288.897,9594.7485
layer_11,411,13288.897,9595.5345
layer_11,412,14706.046,9461.5846
layer_11,413,14570.868,9604.8183
layer_11,414,15304.334,7903.0965
layer_11,415,10920.565,0.0
layer_11,416,13794.299,0.0
layer_11,417,13288.897,9606.2448
layer_11,418,12717.52,8870.9655
layer_11,419,12910.758,8919.2118
layer_11,420,12717.52,8919.7777
layer_11,421,13355.474,0.0
layer_11,422,12910.758,9041.4696
layer_11,423,13355.474,9041.9119
layer_11,424,13355.474,9000.574
layer_11,425,11684.895,9001.9251
layer_11,426,15764.23,0.0
layer_11,427,13938.944,0.0
layer_11,428,15090.843,0.0
layer_11,429,15304.334,0.0
layer_11,430,12453.972,9572.3305
layer_11,431,12453.972,9040.3071
layer_11,432,13794.299,0.0
layer_11,433,13794.299,7830.0763
layer_11,434,13271.527,7830.2264
layer_11,435,13649.667,9636.0089
layer_11,436,13649.667,7920.8141
layer_11,437,11396.646,7912.5074
layer_11,438,13649.667,7913.041
layer_11,439,12766.358,7912.02
layer_11,440,13828.284,8869.0519
layer_11,441,13794.299,9465.4315
layer_11,442,14160.028,9738.7704
layer_11,443,14160.028,0.0
layer_11,444,11914.565,9600.4815
layer_11,445,18271.484,2589.5186
layer_11,446,16716.715,1813.4871
layer_11,447,18148.318,1014.798
layer_11,448,10933.059,9249.4672
layer_11,449,10933.059,9780.4339
layer_11,450,10896.484,9613.0629
layer_11,451,12075.036,9648.1417
layer_11,452,14572.224,9503.0787
layer_11,453,12212.943,9018.5053
layer_11,454,12212.943,8988.8795
layer_11,455,13463.532,9709.8209
layer_11,456,13463.532,9547.0061
layer_11,457,12254.576,9052.0131
layer_11,458,12254.576,9603.4944
layer_11,459,12022.8,9051.9466
layer_11,460,13406.03,9600.8386
layer_11,461,12167.109,9595.0204
layer_11,462,13231.756,9466.961
layer_11,463,12022.8,9085.3769
layer_11,464,12252.148,9738.6327
layer_11,465,13231.756,9602.6796
layer_11,466,13406.03,9634.551
layer_11,467,13231.756,9074.9682
layer_11,468,13463.532,9600.4422
layer_11,469,14572.224,9603.3563
layer_11,470,12380.886,9081.4856
layer_11,471,14572.224,9037.5566
layer_11,472,13135.005,9466.4377
layer_11,473,12380.886,9571.6302
layer_11,474,13135.005,9615.9318
layer_11,475,14572.224,9662.9066
layer_11,476,13413.558,9663.7544
layer_11,477,13413.558,8989.5919
layer_11,478,13135.005,0.0
layer_11,479,11888.871,8869.4475
layer_11,480,12643.532,8869.7748
layer_11,481,12225.263,8870.0689
layer_11,482,12225.263,8869.1985
layer_11,483,14302.35,0.0
layer_11,484,13360.528,8869.414
layer_11,485,12364.98,8870.105
layer_11,486,13738.669,9034.3324
layer_11,487,13738.669,9043.972
layer_11,488,15122.509,9044.2285
layer_11,489,19089.0,9044.2031
layer_11,490,12707.896,0.0
layer_11,491,12643.532,9461.5378
layer_11,492,12643.532,7539.3764
layer_11,493,12492.624,9599.552
layer_11,494,14302.35,0.0
layer_11,495,14302.35,8867.5614
layer_11,496,13592.305,7577.4365
layer_11,497,15122.509,8860.0151
layer_11,498,15090.843,8867.9691
layer_11,499,15090.843,9041.1039
layer_11,500,15304.334,8542.9723
layer_11,501,14302.35,8542.8498
layer_11,502,12343.05,8153.16
layer_11,503,12343.05,0.0
layer_11,504,13324.357,7608.0238
layer_11,505,15554.279,9539.3638
layer_11,506,15095.805,9570.4422
layer_11,507,15193.541,0.0
layer_11,508,15193.541,6796.803
layer_11,509,13189.182,343.6189
layer_11,510,13324.357,72.1676
layer_11,511,13189.182,1008.2018
layer_11,512,13324.357,8978.0323
layer_11,513,15193.541,9601.8633
layer_11,514,14447.355,9614.6482
layer_11,515,16532.441,9622.725
layer_11,516,18087.21,9584.709
layer_11,517,19456.371,9643.3292
layer_11,518,17901.604,9599.2871
layer_11,519,19456.371,9571.9071
layer_11,520,18906.076,9580.1038
layer_11,521,15881.454,9554.1888
layer_11,522,14975.159,9677.1302
layer_11,523,13424.486,9466.3568
layer_11,524,15881.454,9465.0806
layer_11,525,11687.77,9621.6573
layer_11,526,11687.77,9578.9512
layer_11,527,11572.884,9737.0326
layer_11,528,13469.386,9608.031
layer_11,529,12443.001,9618.1087
layer_11,530,14975.159,9617.4286
layer_11,531,14975.159,9624.0414
layer_11,532,13210.224,9580.4527
layer_11,533,13210.224,9581.9053
layer_11,534,15881.454,9580.992
layer_11,535,12629.622,9682.2359
layer_11,536,12629.622,9609.6382
layer_11,537,14975.159,0.0
layer_11,538,12467.11,0.0
layer_11,539,12438.824,0.0
layer_11,540,12438.824,0.0
layer_11,541,12825.631,9464.5201
layer_11,542,12825.631,0.0
layer_11,543,12196.823,9050.6279
layer_11,544,14076.97,0.0
layer_11,545,12825.631,9050.0198
layer_11,546,12825.631,0.0
layer_11,547,12681.593,8991.8136
layer_11,548,12081.52,9080.083
layer_11,549,12081.52,9079.4015
layer_11,550,12053.233,9086.8138
layer_11,551,14076.97,9050.9292
layer_11,552,15122.509,9086.7316
layer_11,553,11313.106,0.0
layer_11,554,11334.82,9023.973
layer_11,555,11334.82,9024.5932
layer_11,556,11449.707,9079.046
layer_11,557,11449.707,9004.2494
layer_11,558,19456.371,9004.1315
layer_11,559,10814.388,9004.0062
layer_11,560,19456.371,0.0
layer_11,561,11567.107,9048.0859
layer_11,562,11459.282,9076.532
layer_11,563,10850.96,9681.3675
layer_11,564,10850.96,9044.2779
layer_11,565,10850.96,9022.0971
layer_11,566,19456.371,9011.9549
layer_11,567,17901.604,8873.709
layer_11,568,17901.604,8873.5629
layer_11,569,19456.371,9043.7464
layer_11,570,18585.617,0.0
layer_11,571,19425.832,9076.7894
layer_11,572,15966.463,8873.3976
layer_11,573,12836.759,601.6751
layer_11,574,12810.118,3023.9841
layer_11,575,12810.118,0.0
layer_11,576,14338.727,8946.7704
layer_11,577,14543.417,9584.8528
layer_11,578,14516.776,0.0
layer_11,579,17878.582,9553.5831
layer_11,580,13099.86,9555.2757
layer_11,581,13099.86,0.0
layer_11,582,20920.793,9608.2402
layer_11,583,20920.793,9599.1506
layer_11,584,13493.393,9598.9017
layer_11,585,13493.393,9598.2187
layer_11,586,20920.793,9468.0527
layer_11,587,20776.752,9624.8331
layer_11,588,20920.793,9609.3958
layer_11,589,20188.63,9555.2379
layer_11,590,15589.664,9555.1276
layer_11,591,19431.326,9579.2396
layer_11,592,20920.793,9609.9455
layer_11,593,18585.617,0.0
layer_11,594,20920.793,0.0
layer_11,595,20776.752,9609.1485
layer_11,596,20776.752,9610.3364
layer_11,597,20920.793,9562.9931
layer_11,598,18148.318,9635.3987
layer_11,599,19032.363,9635.8472
layer_11,600,19745.32,0.0
layer_11,601,16331.753,9567.6585
layer_11,602,11752.934,9563.5245
layer_11,603,18271.484,9608.7295
layer_11,604,19344.688,9564.0681
layer_11,605,19727.344,9556.1776
layer_11,606,19344.688,9555.4325
layer_11,607,19344.688,0.0
layer_11,608,19727.344,9469.7411
layer_11,609,19344.688,9538.5785
layer_11,610,19727.344,0.0
layer_11,611,19791.166,0.0
layer_11,612,19791.166,9470.1575
layer_11,613,19791.166,0.0
layer_11,614,19791.166,9468.7336
layer_11,615,19791.166,9609.9177
layer_11,616,18922.992,9610.4759
layer_11,617,17109.322,9470.0112
layer_11,618,19082.008,9463.3737
layer_11,619,20896.545,9600.6844
layer_11,620,19082.008,8870.106
layer_11,621,19082.008,9461.5846
layer_11,622,19082.008,8831.992
layer_11,623,19082.008,8832.2457
layer_11,624,17251.963,8870.0689
layer_11,625,18457.043,9076.2714
layer_11,626,19473.246,8962.5593
layer_11,627,18457.043,9040.6417
layer_11,628,18641.316,9086.2973
layer_11,629,19023.973,8952.4499
layer_11,630,19221.254,0.0
layer_11,631,19221.254,8868.9085
layer_11,632,18518.15,0.0
layer_11,633,20896.545,0.0
layer_11,634,19221.254,8867.9233
layer_11,635,19221.254,9019.6294
layer_11,636,20089.43,9069.1614
layer_11,637,20089.43,748.4417
layer_11,638,20089.43,571.5925
layer_11,639,20089.43,525.979
layer_11,640,22086.188,8968.8577
layer_11,641,22086.188,9674.9629
layer_11,642,20625.715,9597.0738
layer_11,643,22086.188,0.0
layer_11,644,22086.188,0.0
layer_11,645,22767.328,9736.8054
layer_11,646,18534.662,9673.0694
layer_11,647,18534.662,9470.9379
layer_11,648,18534.662,9621.4835
layer_11,649,20625.715,9565.925
layer_11,650,20625.715,0.0
layer_11,651,18922.992,9675.3307
layer_11,652,18922.992,9596.6997
layer_11,653,17348.47,9596.9173
layer_11,654,16908.287,9610.729
layer_11,655,15108.443,9610.6989
layer_11,656,15108.443,9545.3007
layer_11,657,17814.07,0.0
layer_11,658,18769.523,0.0
layer_11,659,20506.014,9564.2624
layer_11,660,10598.26,0.0
layer_11,661,10598.26,0.0
layer_11,662,18470.588,9445.139
layer_11,663,20302.93,9533.7968
layer_11,664,20123.482,9615.3635
layer_11,665,16512.512,9573.2939
layer_11,666,18930.61,9445.445
layer_11,667,18539.697,9445.0505
layer_11,668,22024.592,9022.8713
layer_11,669,19517.008,9022.4069
layer_11,670,19134.355,9616.401
layer_11,671,19134.355,9616.2811
layer_11,672,19134.355,9725.3265
layer_11,673,18871.672,8977.6151
layer_11,674,18871.672,0.0
layer_11,675,21156.586,7665.7067
layer_11,676,22108.6,0.0
layer_11,677,22108.6,9076.296
layer_11,678,19134.355,7636.7498
layer_11,679,19904.986,7637.2669
layer_11,680,19904.986,7665.6624
layer_11,681,20089.26,9030.8186
layer_11,682,20089.26,7636.2003
layer_11,683,19480.725,8864.92
layer_11,684,21723.021,8865.1469
layer_11,685,21723.021,0.0
layer_11,686,21422.133,0.0
layer_11,687,17333.986,0.0
layer_11,688,17333.986,0.0
layer_11,689,12154.459,0.0
layer_11,690,18706.604,0.0
layer_11,691,18706.604,0.0
layer_11,692,19935.791,8832.0091
layer_11,693,19935.791,8868.2149
layer_11,694,19327.256,8869.6388
layer_11,695,19935.791,8938.3788
layer_11,696,21603.32,8948.5831
layer_11,697,17333.986,0.0
layer_11,698,13740.771,9021.4364
layer_11,699,17219.367,9021.3908
layer_11,700,17219.367,8869.7487
layer_11,701,17219.367,1363.6929
layer_11,702,19431.326,2117.3016
layer_11,703,17876.56,768.0395
layer_11,704,10078.761,9531.5022
layer_11,705,19431.326,9610.815
layer_11,706,19431.326,9610.5418
layer_11,707,17876.56,9593.9201
layer_11,708,18737.139,9676.4322
layer_11,709,12229.442,0.0
layer_11,710,14439.196,0.0
layer_11,711,18261.457,9542.1378
layer_11,712,14374.311,9535.9165
layer_11,713,12311.746,0.0
layer_11,714,11659.655,0.0
layer_11,715,22515.314,0.0
layer_11,716,18725.473,0.0
layer_11,717,18018.94,9445.1018
layer_11,718,12542.828,0.0
layer_11,719,1729.8104,9450.0758
layer_11,720,14562.357,9543.7942
layer_11,721,9845.695,9739.6685
layer_11,722,14328.27,9740.0476
layer_11,723,15389.749,9668.4286
layer_11,724,2282.3113,9667.9501
layer_11,725,17164.984,8068.6688
layer_11,726,7064.595,7601.8742
layer_11,727,16109.145,7601.527
layer_11,728,17334.824,9609.2179
layer_11,729,15910.1,9598.6582
layer_11,730,12517.918,9043.6288
layer_11,731,19978.877,0.0
layer_11,732,6899.082,8067.9676
layer_11,733,18315.344,9078.9992
layer_11,734,19929.672,9023.977
layer_11,735,17837.055,7601.4323
layer_11,736,18408.994,8067.9645
layer_11,737,11383.077,9024.1298
layer_11,738,20303.852,8979.0828
layer_11,739,16774.318,9029.248
layer_11,740,9786.233,9071.2488
layer_11,741,17713.178,9071.6523
layer_11,742,10867.734,9021.0041
layer_11,743,14600.299,9031.0172
layer_11,744,19959.379,9069.7737
layer_11,745,20641.107,0.0
layer_11,746,16621.318,8871.2957
layer_11,747,20764.293,8871.8272
layer_11,748,20505.945,0.0
layer_11,749,20101.195,8948.1103
layer_11,750,11473.781,0.0
layer_11,751,14199.914,9069.8968
layer_11,752,20224.38,9069.6255
layer_11,753,20224.38,9070.0535
layer_11,754,8827.732,9029.3557
layer_11,755,19796.553,9018.5102
layer_11,756,18931.89,0.0
layer_11,757,15069.976,9018.219
layer_11,758,15849.132,9017.9763
layer_11,759,20362.477,0.0
layer_11,760,19949.959,0.0
layer_11,761,14749.83,8869.6658
layer_11,762,16118.623,8829.9037
layer_11,763,19865.01,8828.8925
layer_11,764,12063.011,0.0
layer_11,765,19949.959,1282.2134
layer_11,766,14608.686,0.0
layer_11,767,10488.821,0.0
layer_11,768,16683.932,9228.5851
layer_11,769,14287.845,9675.6986
layer_11,770,16518.545,9595.9049
layer_11,771,14755.344,9541.8222
layer_11,772,16874.182,0.0
layer_11,773,22856.533,9025.1284
layer_11,774,18093.217,9074.2456
layer_11,775,15044.519,9606.4936
layer_11,776,8930.412,0.0
layer_11,777,19896.967,0.0
layer_11,778,21964.178,0.0
layer_11,779,19376.53,0.0
layer_11,780,14772.714,9031.2157
layer_11,781,19059.725,9031.4814
layer_11,782,18423.521,8984.1203
layer_11,783,23445.465,8979.9988
layer_11,784,17475.195,8979.3985
layer_11,785,18197.525,8979.5501
layer_11,786,18423.521,9031.37
layer_11,787,15054.915,8806.3377
layer_11,788,19888.854,8805.4627
layer_11,789,11561.9795,9380.5636
layer_11,790,18716.04,9380.4272
layer_11,791,16760.3,9380.4333
layer_11,792,16633.01,9380.4333
layer_11,793,19261.598,8503.4578
layer_11,794,18455.684,8504.1496
layer_11,795,11640.019,8504.1011
layer_11,796,20282.215,8503.9554
layer_11,797,15870.356,8504.0401
layer_11,798,18956.357,9291.1991
layer_11,799,13973.721,9290.8284
layer_11,800,13282.475,9290.1833
layer_11,801,19080.625,8132.2863
layer_11,802,16737.201,7651.8147
layer_11,803,20289.332,7652.3478
layer_11,804,16953.93,8151.0437
layer_11,805,19059.725,8151.8681
layer_11,806,8447.735,9381.1363
layer_11,807,14399.533,8131.0444
layer_11,808,25218.018,7801.883
layer_11,809,19080.625,8138.934
layer_11,810,15936.226,7652.5305
layer_11,811,15973.679,8139.2664
layer_11,812,13853.821,8139.5298
layer_11,813,15973.679,7801.9416
layer_11,814,3680.1572,7801.7954
layer_11,815,13023.053,8532.6159
layer_11,816,12880.787,7665.1007
layer_11,817,17354.605,7665.2674
layer_11,818,20506.67,0.0
layer_11,819,19716.572,7942.4487
layer_11,820,22557.16,7941.8256
layer_11,821,16647.625,9381.055
layer_11,822,24967.04,0.0
layer_11,823,26719.322,9326.5519
layer_11,824,25510.057,8129.4996
layer_11,825,10486.066,8138.3455
layer_11,826,22246.377,7801.5378
layer_11,827,27861.266,0.0
layer_11,828,9358.056,8183.475
layer_11,829,10984.773,1090.1535
layer_11,830,11805.057,557.9441
layer_11,831,10699.657,824.7991
layer_11,832,16500.83,9379.6355
layer_11,833,13876.042,9499.7824
layer_11,834,15434.248,9494.5411
layer_11,835,20084.898,0.0
layer_11,836,20695.557,0.0
layer_11,837,23465.168,9650.4117
layer_11,838,23657.969,0.0
layer_11,839,24000.707,9068.8486
layer_11,840,19779.379,9123.652
layer_11,841,9699.501,8915.5146
layer_11,842,22920.236,9068.7832
layer_11,843,16054.98,9073.9774
layer_11,844,16208.942,8579.6786
layer_11,845,14928.022,9361.4567
layer_11,846,12444.688,9339.2354
layer_11,847,23177.46,8986.851
layer_11,848,22325.271,9305.4858
layer_11,849,19016.81,8510.1343
layer_11,850,24385.844,9385.4085
layer_11,851,16014.583,8816.6308
layer_11,852,5268.3145,8816.4571
layer_11,853,14843.041,0.0
layer_11,854,11732.068,0.0
layer_11,855,24084.879,0.0
layer_11,856,17382.23,0.0
layer_11,857,22845.518,8288.137
layer_11,858,16836.445,7921.7414
layer_11,859,19359.168,7833.5935
layer_11,860,12089.463,7861.0426
layer_11,861,25003.12,7861.2163
layer_11,862,23242.234,8163.7418
layer_11,863,23431.604,8163.8157
layer_11,864,12709.143,7923.4272
layer_11,865,19493.701,7923.4834
layer_11,866,15724.541,7921.569
layer_11,867,19988.781,7921.7505
layer_11,868,14628.565,7833.3371
layer_11,869,14781.151,8178.4351
layer_11,870,9137.467,8151.1916
layer_11,871,13697.874,8150.3625
layer_11,872,19044.744,7865.5832
layer_11,873,23578.594,7907.484
layer_11,874,9049.157,8179.0574
layer_11,875,18351.67,7804.5882
layer_11,876,18111.523,7921.3381
layer_11,877,10462.988,8151.9716
layer_11,878,5784.241,7912.5187
layer_11,879,15891.9795,7912.3192
layer_11,880,11359.192,7804.5704
layer_11,881,16757.254,7804.4195
layer_11,882,24204.64,7865.0193
layer_11,883,26582.168,7840.0685
layer_11,884,23611.95,7796.0969
layer_11,885,21840.416,7861.4004
layer_11,886,14528.461,7864.5305
layer_11,887,16005.5,7781.2808
layer_11,888,13662.509,7912.2459
layer_11,889,17085.707,7912.4626
layer_11,890,13352.931,8137.9451
layer_11,891,21438.256,7602.3362
layer_11,892,13945.476,7921.6848
layer_11,893,13945.476,0.0
layer_11,894,13945.476,0.0
layer_11,895,6479.321,891.6434
layer_11,896,15870.384,8416.7099
layer_11,897,13520.255,9432.6201
layer_11,898,13520.255,0.0
layer_11,899,14528.461,9074.6367
layer_11,900,13520.255,9431.6831
layer_11,901,13266.745,8580.07
layer_11,902,13266.745,8914.7797
layer_11,903,13945.476,9119.1729
layer_11,904,14528.461,8915.9826
layer_11,905,14488.435,9032.9319
layer_11,906,13689.358,9033.8642
layer_11,907,14557.346,9035.0007
layer_11,908,13689.358,8869.2455
layer_11,909,12395.782,8816.9226
layer_11,910,13520.255,8867.3942
layer_11,911,12864.091,0.0
layer_11,912,12395.782,0.0
layer_11,913,12395.782,0.0
layer_11,914,12395.782,8325.4807
layer_11,915,13544.003,8318.1565
layer_11,916,13544.003,8313.3807
layer_11,917,14488.435,8162.1126
layer_11,918,13266.745,8177.5547
layer_11,919,13266.745,8919.3628
layer_11,920,14457.915,8178.8543
layer_11,921,14557.346,7924.4739
layer_11,922,6230.247,7580.0116
layer_11,923,14837.27,7579.4864
layer_11,924,15058.309,7579.2839
layer_11,925,14488.435,7608.0004
layer_11,926,12332.665,7607.7911
layer_11,927,13544.003,7644.0912
layer_11,928,13689.358,8136.6187
layer_11,929,12332.665,7640.4197
layer_11,930,12332.665,7648.6293
layer_11,931,13689.358,7649.3308
layer_11,932,14338.076,7607.7856
layer_11,933,14557.346,7607.354
layer_11,934,14557.346,7671.86
layer_11,935,13698.988,8149.4617
layer_11,936,15058.309,8149.994
layer_11,937,13544.003,8150.3858
layer_11,938,14457.915,7661.2935
layer_11,939,14457.915,7633.0902
layer_11,940,14837.27,7659.6082
layer_11,941,13477.949,8144.4648
layer_11,942,13765.042,7666.2143
layer_11,943,13822.233,8142.1093
layer_11,944,15251.988,7671.646
layer_11,945,15251.988,8136.5001
layer_11,946,15251.988,8137.3319
layer_11,947,12171.925,8137.5691
layer_11,948,14338.076,7922.1138
layer_11,949,13455.562,7667.8087
layer_11,950,13455.562,7666.3225
layer_11,951,15251.988,8209.6224
layer_11,952,13765.042,7922.0913
layer_11,953,13477.949,7906.9493
layer_11,954,14837.27,7835.1828
layer_11,955,14709.474,8209.7981
layer_11,956,13698.988,7672.5666
layer_11,957,14488.435,1969.4439
layer_11,958,14457.915,1520.0935
layer_11,959,11922.363,738.4323
layer_11,960,14529.807,0.0
layer_11,961,12864.091,9247.6983
layer_11,962,14338.076,9030.5696
layer_11,963,14408.295,8543.648
layer_11,964,15251.988,9337.6236
layer_11,965,15443.719,9337.4627
layer_11,966,13620.891,9019.6953
layer_11,967,13411.739,8829.0766
layer_11,968,17541.67,8808.3782
layer_11,969,12171.925,0.0
layer_11,970,12332.665,0.0
layer_11,971,13477.949,0.0
layer_11,972,13477.949,0.0
layer_11,973,12964.575,0.0
layer_11,974,14228.338,0.0
layer_11,975,14529.807,0.0
layer_11,976,15065.908,0.0
layer_11,977,14837.27,8332.9422
layer_11,978,12177.183,8182.2283
layer_11,979,14678.954,7863.2891
layer_11,980,14667.685,7885.4336
layer_11,981,15065.908,7885.7095
layer_11,982,12793.3545,7885.4641
layer_11,983,15251.988,8182.7184
layer_11,984,9167.155,7865.1974
layer_11,985,16347.463,7954.8012
layer_11,986,12964.575,7846.6075
layer_11,987,14888.724,7886.0392
layer_11,988,15065.908,7807.6909
layer_11,989,15257.639,8152.2207
layer_11,990,14709.474,7923.8215
layer_11,991,14667.685,8166.754
layer_11,992,15065.908,0.0
layer_11,993,14888.724,8165.9617
layer_11,994,14036.607,8165.8191
layer_11,995,12793.3545,7886.2705
layer_11,996,12864.091,7672.0195
layer_11,997,13620.891,7607.02
layer_11,998,13620.891,3382.0293
layer_11,999,14564.821,670.438
